testcase,gtest,soc,src_dtype,dst_dtype,tile_rows,tile_cols,valid_rows,valid_cols,system_ticks,total_elements,epc
tabs,TABSTest.case_float_64x64_64x64_64x64_inPlace_True,a2a3,float,float,64,64,64,64,2070,4096,1.978744
tabs,TABSTest.case_float_64x64_64x64_64x64_inPlace_False,a2a3,float,float,64,64,64,64,2073,4096,1.97588
tabs,TABSTest.case_half_64x64_64x64_64x64_inPlace_True,a2a3,half,half,64,64,64,64,2096,4096,1.954198
tabs,TABSTest.case_half_64x64_64x64_64x64_inPlace_False,a2a3,half,half,64,64,64,64,2080,4096,1.969231
tadd,TADDTest.case_float_64x64_64x64,a2a3,float,float,64,64,64,64,2941,4096,1.392724
tadd,TADDTest.case_int32_64x64_64x64,a2a3,int32,int32,64,64,64,64,2855,4096,1.434676
tadd,TADDTest.case_int16_64x64_64x64,a2a3,int16,int16,64,64,64,64,2743,4096,1.493256
tadd,TADDTest.case_half_16x256_16x256,a2a3,half,half,16,256,16,256,2362,4096,1.734124
taddplus,TADDPLUSTest.case_half_16x64_16x128_16x128_16x64,a2a3,half,half,16,64,16,64,2088,1024,0.490421
taddplus,TADDPLUSTest.case_float_16x32_16x64_16x32_16x32,a2a3,float,float,16,32,16,32,1996,512,0.256513
taddplus,TADDPLUSTest.case_int16_32x128_32x128_32x256_32x128,a2a3,int16,int16,32,128,32,128,2761,4096,1.48352
taddplus,TADDPLUSTest.case_int32_16x32_16x64_16x32_16x32,a2a3,int32,int32,16,32,16,32,2060,512,0.248544
taddplus,TADDPLUSTest.case_half_16x64_16x128_16x128_16x63,a2a3,half,half,16,64,16,63,2081,1008,0.484383
taddplus,TADDPLUSTest.case_float_16x32_16x64_16x32_16x31,a2a3,float,float,16,32,16,31,2122,496,0.233742
taddplus,TADDPLUSTest.case_int16_32x128_32x128_32x256_32x127,a2a3,int16,int16,32,128,32,127,2694,4064,1.508537
taddplus,TADDPLUSTest.case_int32_16x32_16x64_16x32_16x31,a2a3,int32,int32,16,32,16,31,1947,496,0.254751
tadds,TADDSTest.case1,a2a3,unknown,unknown,0,0,0,0,1959,0,
tadds,TADDSTest.case2,a2a3,unknown,unknown,0,0,0,0,2379,0,
tadds,TADDSTest.case3,a2a3,unknown,unknown,0,0,0,0,2166,0,
tadds,TADDSTest.case4,a2a3,unknown,unknown,0,0,0,0,1970,0,
tadds,TADDSTest.case5,a2a3,unknown,unknown,0,0,0,0,2179,0,
tadds,TADDSTest.case6,a2a3,unknown,unknown,0,0,0,0,4773,0,
tadds,TADDSTest.case7,a2a3,unknown,unknown,0,0,0,0,1969,0,
tadds,TADDSTest.case8,a2a3,unknown,unknown,0,0,0,0,2606,0,
tadds,TADDSTest.case9,a2a3,unknown,unknown,0,0,0,0,2309,0,
tadds,TADDSTest.case10,a2a3,unknown,unknown,0,0,0,0,1963,0,
tadds,TADDSTest.case11,a2a3,unknown,unknown,0,0,0,0,2196,0,
tadds,TADDSTest.case12,a2a3,unknown,unknown,0,0,0,0,5763,0,
tand,TANDTest.case1,a2a3,unknown,unknown,0,0,0,0,2866,0,
tand,TANDTest.case2,a2a3,unknown,unknown,0,0,0,0,4365,0,
tand,TANDTest.case3,a2a3,unknown,unknown,0,0,0,0,3351,0,
tand,TANDTest.case4,a2a3,unknown,unknown,0,0,0,0,26034,0,
tand,TANDTest.case5,a2a3,unknown,unknown,0,0,0,0,2865,0,
tand,TANDTest.case6,a2a3,unknown,unknown,0,0,0,0,2859,0,
tand,TANDTest.case7,a2a3,unknown,unknown,0,0,0,0,3469,0,
tand,TANDTest.case8,a2a3,unknown,unknown,0,0,0,0,3366,0,
tands,TANDSTest.case_int16_64x64_64x64_64x64,a2a3,int16,int16,64,64,64,64,2203,4096,1.859283
tands,TANDSTest.case_int16_32x128_32x128_32x128,a2a3,int16,int16,32,128,32,128,1975,4096,2.073924
tands,TANDSTest.case_int16_32x112_32x128_32x111,a2a3,int16,int16,32,112,32,111,2565,3552,1.384795
tands,TANDSTest.case_uint16_64x64_64x64_64x64,a2a3,uint16,uint16,64,64,64,64,2224,4096,1.841727
tands,TANDSTest.case_uint16_32x128_32x128_32x128,a2a3,uint16,uint16,32,128,32,128,2123,4096,1.929345
tands,TANDSTest.case_uint16_32x112_32x128_32x111,a2a3,uint16,uint16,32,112,32,111,2554,3552,1.39076
taxpy,TAXPYTest.case1,a2a3,unknown,unknown,0,0,0,0,2879,0,
taxpy,TAXPYTest.case2,a2a3,unknown,unknown,0,0,0,0,4358,0,
taxpy,TAXPYTest.case3,a2a3,unknown,unknown,0,0,0,0,3451,0,
taxpy,TAXPYTest.case4,a2a3,unknown,unknown,0,0,0,0,29662,0,
taxpy,TAXPYTest.case5,a2a3,unknown,unknown,0,0,0,0,2967,0,
taxpy,TAXPYTest.case6,a2a3,unknown,unknown,0,0,0,0,5166,0,
taxpy,TAXPYTest.case7,a2a3,unknown,unknown,0,0,0,0,4851,0,
taxpy,TAXPYTest.case8,a2a3,unknown,unknown,0,0,0,0,2768,0,
taxpy,TAXPYTest.case9,a2a3,unknown,unknown,0,0,0,0,7879,0,
tci,TCITest.case1_int32,a2a3,unknown,unknown,0,0,0,0,2492,0,
tci,TCITest.case2_int32,a2a3,unknown,unknown,0,0,0,0,6365,0,
tci,TCITest.case3_int32,a2a3,unknown,unknown,0,0,0,0,1820,0,
tci,TCITest.case4_int32,a2a3,unknown,unknown,0,0,0,0,17568,0,
tci,TCITest.case5_int16,a2a3,unknown,unknown,0,0,0,0,3511,0,
tci,TCITest.case6_int16,a2a3,unknown,unknown,0,0,0,0,7986,0,
tci,TCITest.case7_int16,a2a3,unknown,unknown,0,0,0,0,1954,0,
tci,TCITest.case8_int16,a2a3,unknown,unknown,0,0,0,0,42513,0,
tci,TCITest.case9_int32,a2a3,unknown,unknown,0,0,0,0,1627,0,
tci,TCITest.case10_int32,a2a3,unknown,unknown,0,0,0,0,1953,0,
tci,TCITest.case11_int16,a2a3,unknown,unknown,0,0,0,0,1986,0,
tci,TCITest.case12_int16,a2a3,unknown,unknown,0,0,0,0,1890,0,
tci,TCITest.case13_int16,a2a3,unknown,unknown,0,0,0,0,2116,0,
tcmp,TCMPTest.case_float_1x64_1x64_1x64,a2a3,float,float,1,64,1,64,1890,64,0.033862
tcmp,TCMPTest.case_float_8x64_8x64_8x64,a2a3,float,float,8,64,8,64,1849,512,0.276906
tcmp,TCMPTest.case_int32_64x64_32x32_64x64,a2a3,int32,int32,64,64,64,64,2771,4096,1.478167
tcmp,TCMPTest.case_int32_16x32_16x32_16x32,a2a3,int32,int32,16,32,16,32,1980,512,0.258586
tcmp,TCMPTest.case_float_128x128_64x64_128x128,a2a3,float,float,128,128,128,128,3884,16384,4.218332
tcmp,TCMPTest.case_int32_77x81_32x32_77x81,a2a3,int32,int32,77,81,77,81,3070,6237,2.031596
tcmp,TCMPTest.case_int32_32x32_32x32_32x32,a2a3,int32,int32,32,32,32,32,2182,1024,0.469294
tcmps,TCMPSTest.case_half_32x32_32x32_32x32,a2a3,half,half,32,32,32,32,2208,1024,0.463768
tcmps,TCMPSTest.case_float_1x64_1x64_1x64,a2a3,float,float,1,64,1,64,1993,64,0.032112
tcmps,TCMPSTest.case_float_8x64_8x64_8x64,a2a3,float,float,8,64,8,64,1964,512,0.260692
tcmps,TCMPSTest.case_float_4x64_4x64_4x64,a2a3,float,float,4,64,4,64,1887,256,0.135665
tcmps,TCMPSTest.case_float_128x128_64x64_128x128,a2a3,float,float,128,128,128,128,3529,16384,4.642675
tcmps,TCMPSTest.case_int32_64x64_32x32_64x64,a2a3,int32,int32,64,64,64,64,2730,4096,1.500366
tcmps,TCMPSTest.case_int32_16x32_16x32_16x32,a2a3,int32,int32,16,32,16,32,2110,512,0.242654
tcmps,TCMPSTest.case_float_128x128_128x128_128x128,a2a3,float,float,128,128,128,128,4014,16384,4.081714
tcmps,TCMPSTest.case_int32_77x81_32x32_77x81,a2a3,int32,int32,77,81,77,81,2735,6237,2.280439
tcmps,TCMPSTest.case_int32_32x32_32x32_32x32,a2a3,int32,int32,32,32,32,32,2309,1024,0.443482
tcolargmax,TCOLCMAXTest.case01,a2a3,unknown,unknown,0,0,0,0,2007,0,
tcolargmax,TCOLCMAXTest.case02,a2a3,unknown,unknown,0,0,0,0,3613,0,
tcolargmax,TCOLCMAXTest.case03,a2a3,unknown,unknown,0,0,0,0,4693,0,
tcolargmax,TCOLCMAXTest.case11,a2a3,unknown,unknown,0,0,0,0,1890,0,
tcolargmax,TCOLCMAXTest.case12,a2a3,unknown,unknown,0,0,0,0,2810,0,
tcolargmax,TCOLCMAXTest.case13,a2a3,unknown,unknown,0,0,0,0,3605,0,
tcolargmax,TCOLCMAXTest.case51,a2a3,unknown,unknown,0,0,0,0,2050,0,
tcolargmax,TCOLCMAXTest.case52,a2a3,unknown,unknown,0,0,0,0,2941,0,
tcolargmax,TCOLCMAXTest.case53,a2a3,unknown,unknown,0,0,0,0,3612,0,
tcolargmax,TCOLCMAXTest.case71,a2a3,unknown,unknown,0,0,0,0,2024,0,
tcolargmax,TCOLCMAXTest.case72,a2a3,unknown,unknown,0,0,0,0,3644,0,
tcolargmax,TCOLCMAXTest.case73,a2a3,unknown,unknown,0,0,0,0,4686,0,
tcolargmax,TCOLCMAXTest.case81,a2a3,unknown,unknown,0,0,0,0,2485,0,
tcolargmax,TCOLCMAXTest.case82,a2a3,unknown,unknown,0,0,0,0,2604,0,
tcolargmax,TCOLCMAXTest.case83,a2a3,unknown,unknown,0,0,0,0,2887,0,
tcolargmax,TCOLCMAXTest.case84,a2a3,unknown,unknown,0,0,0,0,2799,0,
tcolargmin,TCOLCMINTest.case01,a2a3,unknown,unknown,0,0,0,0,2004,0,
tcolargmin,TCOLCMINTest.case02,a2a3,unknown,unknown,0,0,0,0,3500,0,
tcolargmin,TCOLCMINTest.case03,a2a3,unknown,unknown,0,0,0,0,4658,0,
tcolargmin,TCOLCMINTest.case11,a2a3,unknown,unknown,0,0,0,0,1882,0,
tcolargmin,TCOLCMINTest.case12,a2a3,unknown,unknown,0,0,0,0,2819,0,
tcolargmin,TCOLCMINTest.case13,a2a3,unknown,unknown,0,0,0,0,3590,0,
tcolargmin,TCOLCMINTest.case51,a2a3,unknown,unknown,0,0,0,0,2057,0,
tcolargmin,TCOLCMINTest.case52,a2a3,unknown,unknown,0,0,0,0,2969,0,
tcolargmin,TCOLCMINTest.case53,a2a3,unknown,unknown,0,0,0,0,3621,0,
tcolargmin,TCOLCMINTest.case71,a2a3,unknown,unknown,0,0,0,0,1998,0,
tcolargmin,TCOLCMINTest.case72,a2a3,unknown,unknown,0,0,0,0,3500,0,
tcolargmin,TCOLCMINTest.case73,a2a3,unknown,unknown,0,0,0,0,4672,0,
tcolexpand,TCOLEXPANDTest.case1,a2a3,unknown,unknown,0,0,0,0,1796,0,
tcolexpand,TCOLEXPANDTest.case2,a2a3,unknown,unknown,0,0,0,0,1892,0,
tcolexpand,TCOLEXPANDTest.case3,a2a3,unknown,unknown,0,0,0,0,1795,0,
tcolexpand,TCOLEXPANDTest.case4,a2a3,unknown,unknown,0,0,0,0,1885,0,
tcolexpand,TCOLEXPANDTest.case5,a2a3,unknown,unknown,0,0,0,0,2006,0,
tcolexpand,TCOLEXPANDTest.case6,a2a3,unknown,unknown,0,0,0,0,1875,0,
tcolexpand,TCOLEXPANDTest.case7,a2a3,unknown,unknown,0,0,0,0,1774,0,
tcolexpand,TCOLEXPANDTest.case8,a2a3,unknown,unknown,0,0,0,0,1986,0,
tcolexpand,TCOLEXPANDTest.case9,a2a3,unknown,unknown,0,0,0,0,1784,0,
tcolexpand,TCOLEXPANDTest.case10,a2a3,unknown,unknown,0,0,0,0,1765,0,
tcolexpand,TCOLEXPANDTest.case11,a2a3,unknown,unknown,0,0,0,0,2778,0,
tcolexpand,TCOLEXPANDTest.case12,a2a3,unknown,unknown,0,0,0,0,1869,0,
tcolexpandadd,TColExpandAddTest.case_fp32_16_128_1_128,a2a3,unknown,unknown,0,0,0,0,2392,0,
tcolexpandadd,TColExpandAddTest.case_fp32_32_32_1_32,a2a3,unknown,unknown,0,0,0,0,2667,0,
tcolexpandadd,TColExpandAddTest.case_fp16_4_256_1_256,a2a3,unknown,unknown,0,0,0,0,2184,0,
tcolexpandadd,TColExpandAddTest.case_fp16_10_64_1_64,a2a3,unknown,unknown,0,0,0,0,2281,0,
tcolexpanddiv,TColExpandDivTest.case_fp32_32_64_1_64,a2a3,unknown,unknown,0,0,0,0,2668,0,
tcolexpanddiv,TColExpandDivTest.case_fp32_8_32_1_32,a2a3,unknown,unknown,0,0,0,0,2165,0,
tcolexpanddiv,TColExpandDivTest.case_fp16_16_64_1_64,a2a3,unknown,unknown,0,0,0,0,2221,0,
tcolexpanddiv,TColExpandDivTest.case_fp16_4_128_1_128,a2a3,unknown,unknown,0,0,0,0,2189,0,
tcolexpandmax,TColExpandMaxTest.case_fp32_16_128_1_128,a2a3,unknown,unknown,0,0,0,0,2500,0,
tcolexpandmax,TColExpandMaxTest.case_fp32_32_32_1_32,a2a3,unknown,unknown,0,0,0,0,2546,0,
tcolexpandmax,TColExpandMaxTest.case_fp16_4_256_1_256,a2a3,unknown,unknown,0,0,0,0,2315,0,
tcolexpandmax,TColExpandMaxTest.case_fp16_10_64_1_64,a2a3,unknown,unknown,0,0,0,0,2156,0,
tcolexpandmin,TColExpandMinTest.case_fp32_16_128_1_128,a2a3,unknown,unknown,0,0,0,0,2503,0,
tcolexpandmin,TColExpandMinTest.case_fp32_32_32_1_32,a2a3,unknown,unknown,0,0,0,0,2541,0,
tcolexpandmin,TColExpandMinTest.case_fp16_4_256_1_256,a2a3,unknown,unknown,0,0,0,0,2313,0,
tcolexpandmin,TColExpandMinTest.case_fp16_10_64_1_64,a2a3,unknown,unknown,0,0,0,0,2175,0,
tcolexpandmul,TColExpandMulTest.case_fp32_16_128_1_128,a2a3,unknown,unknown,0,0,0,0,2376,0,
tcolexpandmul,TColExpandMulTest.case_fp32_32_32_1_32,a2a3,unknown,unknown,0,0,0,0,2674,0,
tcolexpandmul,TColExpandMulTest.case_fp16_4_256_1_256,a2a3,unknown,unknown,0,0,0,0,2194,0,
tcolexpandmul,TColExpandMulTest.case_fp16_10_64_1_64,a2a3,unknown,unknown,0,0,0,0,2171,0,
tcolexpandsub,TColExpandSubTest.case_fp32_6_128_1_128,a2a3,unknown,unknown,0,0,0,0,2371,0,
tcolexpandsub,TColExpandSubTest.case_fp32_18_32_1_32,a2a3,unknown,unknown,0,0,0,0,2226,0,
tcolexpandsub,TColExpandSubTest.case_fp16_10_256_1_256,a2a3,unknown,unknown,0,0,0,0,2289,0,
tcolexpandsub,TColExpandSubTest.case_fp16_12_64_1_64,a2a3,unknown,unknown,0,0,0,0,2203,0,
tcolmax,TCOLMAXTest.case1,a2a3,unknown,unknown,0,0,0,0,1878,0,
tcolmax,TCOLMAXTest.case3,a2a3,unknown,unknown,0,0,0,0,1887,0,
tcolmax,TCOLMAXTest.case4,a2a3,unknown,unknown,0,0,0,0,1983,0,
tcolmax,TCOLMAXTest.case5,a2a3,unknown,unknown,0,0,0,0,2114,0,
tcolmax,TCOLMAXTest.case6,a2a3,unknown,unknown,0,0,0,0,2125,0,
tcolmax,TCOLMAXTest.case7,a2a3,unknown,unknown,0,0,0,0,2086,0,
tcolmax,TCOLMAXTest.case8,a2a3,unknown,unknown,0,0,0,0,2096,0,
tcolmax,TCOLMAXTest.case9,a2a3,unknown,unknown,0,0,0,0,2215,0,
tcolmax,TCOLMAXTest.case10,a2a3,unknown,unknown,0,0,0,0,2064,0,
tcolmax,TCOLMAXTest.case11,a2a3,unknown,unknown,0,0,0,0,2904,0,
tcolmax,TCOLMAXTest.case12,a2a3,unknown,unknown,0,0,0,0,2912,0,
tcolmax,TCOLMAXTest.case13,a2a3,unknown,unknown,0,0,0,0,1896,0,
tcolmin,TCOLMINTest.case1,a2a3,unknown,unknown,0,0,0,0,1997,0,
tcolmin,TCOLMINTest.case2,a2a3,unknown,unknown,0,0,0,0,1991,0,
tcolmin,TCOLMINTest.case3,a2a3,unknown,unknown,0,0,0,0,1895,0,
tcolmin,TCOLMINTest.case4,a2a3,unknown,unknown,0,0,0,0,2109,0,
tcolmin,TCOLMINTest.case5,a2a3,unknown,unknown,0,0,0,0,2000,0,
tcolmin,TCOLMINTest.case6,a2a3,unknown,unknown,0,0,0,0,1993,0,
tcolmin,TCOLMINTest.case7,a2a3,unknown,unknown,0,0,0,0,2080,0,
tcolmin,TCOLMINTest.case8,a2a3,unknown,unknown,0,0,0,0,2083,0,
tcolmin,TCOLMINTest.case9,a2a3,unknown,unknown,0,0,0,0,2090,0,
tcolmin,TCOLMINTest.case10,a2a3,unknown,unknown,0,0,0,0,2157,0,
tcolmin,TCOLMINTest.case11,a2a3,unknown,unknown,0,0,0,0,2928,0,
tcolmin,TCOLMINTest.case12,a2a3,unknown,unknown,0,0,0,0,3031,0,
tcolmin,TCOLMINTest.case13,a2a3,unknown,unknown,0,0,0,0,1874,0,
tcolprod,TCOLPRODTest.case1,a2a3,unknown,unknown,0,0,0,0,2003,0,
tcolprod,TCOLPRODTest.case2,a2a3,unknown,unknown,0,0,0,0,1988,0,
tcolprod,TCOLPRODTest.case3,a2a3,unknown,unknown,0,0,0,0,2089,0,
tcolprod,TCOLPRODTest.case4,a2a3,unknown,unknown,0,0,0,0,2125,0,
tcolprod,TCOLPRODTest.case5,a2a3,unknown,unknown,0,0,0,0,1981,0,
tcolprod,TCOLPRODTest.case6,a2a3,unknown,unknown,0,0,0,0,1989,0,
tcolprod,TCOLPRODTest.case7,a2a3,unknown,unknown,0,0,0,0,2206,0,
tcolprod,TCOLPRODTest.case8,a2a3,unknown,unknown,0,0,0,0,2236,0,
tcolprod,TCOLPRODTest.case9,a2a3,unknown,unknown,0,0,0,0,2095,0,
tcolprod,TCOLPRODTest.case10,a2a3,unknown,unknown,0,0,0,0,2066,0,
tcolprod,TCOLPRODTest.case11,a2a3,unknown,unknown,0,0,0,0,3029,0,
tcolprod,TCOLPRODTest.case12,a2a3,unknown,unknown,0,0,0,0,3134,0,
tcolprod,TCOLPRODTest.case13,a2a3,unknown,unknown,0,0,0,0,1874,0,
tcolprod,TCOLPRODTest.case14,a2a3,unknown,unknown,0,0,0,0,1779,0,
tcolprod,TCOLPRODTest.case15,a2a3,unknown,unknown,0,0,0,0,1784,0,
tcolprod,TCOLPRODTest.case16,a2a3,unknown,unknown,0,0,0,0,1988,0,
tcolsum,TCOLSUMTest.case1,a2a3,unknown,unknown,0,0,0,0,2035,0,
tcolsum,TCOLSUMTest.case2,a2a3,unknown,unknown,0,0,0,0,1891,0,
tcolsum,TCOLSUMTest.case3,a2a3,unknown,unknown,0,0,0,0,2109,0,
tcolsum,TCOLSUMTest.case4,a2a3,unknown,unknown,0,0,0,0,2002,0,
tcolsum,TCOLSUMTest.case5,a2a3,unknown,unknown,0,0,0,0,2067,0,
tcolsum,TCOLSUMTest.case6,a2a3,unknown,unknown,0,0,0,0,1989,0,
tcolsum,TCOLSUMTest.case7,a2a3,unknown,unknown,0,0,0,0,2228,0,
tcolsum,TCOLSUMTest.case8,a2a3,unknown,unknown,0,0,0,0,2119,0,
tcolsum,TCOLSUMTest.case9,a2a3,unknown,unknown,0,0,0,0,2190,0,
tcolsum,TCOLSUMTest.case10,a2a3,unknown,unknown,0,0,0,0,2105,0,
tcolsum,TCOLSUMTest.case11,a2a3,unknown,unknown,0,0,0,0,2919,0,
tcolsum,TCOLSUMTest.case12,a2a3,unknown,unknown,0,0,0,0,3019,0,
tcolsum,TCOLSUMTest.case13,a2a3,unknown,unknown,0,0,0,0,1756,0,
tcolsum,TCOLSUMTest.case14,a2a3,unknown,unknown,0,0,0,0,1894,0,
tcolsum,TCOLSUMTest.case15,a2a3,unknown,unknown,0,0,0,0,2017,0,
tcolsum,TCOLSUMTest.case16,a2a3,unknown,unknown,0,0,0,0,2007,0,
tcolsum,TCOLSUMTest.case17,a2a3,unknown,unknown,0,0,0,0,1854,0,
tcolsum,TCOLSUMTest.case18,a2a3,unknown,unknown,0,0,0,0,2023,0,
tcolsum,TCOLSUMTest.case19,a2a3,unknown,unknown,0,0,0,0,2010,0,
tcolsum,TCOLSUMTest.case20,a2a3,unknown,unknown,0,0,0,0,1954,0,
tcolsum,TCOLSUMTest.case21,a2a3,unknown,unknown,0,0,0,0,1999,0,
tcolsum,TCOLSUMTest.case22,a2a3,unknown,unknown,0,0,0,0,1985,0,
tcolsum,TCOLSUMTest.case23,a2a3,unknown,unknown,0,0,0,0,2125,0,
tcolsum,TCOLSUMTest.case24,a2a3,unknown,unknown,0,0,0,0,2410,0,
tcolsum,TCOLSUMTest.case25,a2a3,unknown,unknown,0,0,0,0,2429,0,
tcolsum,TCOLSUMTest.case26,a2a3,unknown,unknown,0,0,0,0,1753,0,
tconcat,TCONCATTest.case_float_64x128_64x64_64x64_64x64_64x64,a2a3,float,float,64,128,64,64,3530,4096,1.16034
tconcat,TCONCATTest.case_int32_64x128_64x64_64x64_64x64_64x64,a2a3,int32,int32,64,128,64,64,3660,4096,1.119126
tconcat,TCONCATTest.case_half_16x256_16x128_16x128_16x128_16x128,a2a3,half,half,16,256,16,128,2070,2048,0.989372
tconcat,TCONCATTest.case_float_16x64_16x32_16x32_16x32_16x32,a2a3,float,float,16,64,16,32,1877,512,0.272776
tconcat,TCONCATTest.case_int16_32x256_32x128_32x128_32x128_32x128,a2a3,int16,int16,32,256,32,128,2581,4096,1.586982
tconcat,TCONCATTest.case_half_16x128_16x64_16x64_16x63_16x64,a2a3,half,half,16,128,16,64,24262,1024,0.042206
tconcat,TCONCATTest.case_float_16x64_16x32_16x32_16x31_16x32,a2a3,float,float,16,64,16,32,12201,512,0.041964
tconcat,TCONCATTest.case_int16_32x256_32x128_32x128_32x127_32x128,a2a3,int16,int16,32,256,32,128,83855,4096,0.048846
tconcatidx,TCONCATTest.case_int16_16x32_16x16_16x16_8x16_8x16,a2a3,int16,int16,16,32,8,16,4327,128,0.029582
tconcatidx,TCONCATTest.case_int32_64x128_64x64_64x64_64x64_64x64,a2a3,int32,int32,64,128,64,64,51907,4096,0.07891
tconcatidx,TCONCATTest.case_half_16x256_16x128_16x128_16x128_16x128,a2a3,half,half,16,256,16,128,24241,2048,0.084485
tconcatidx,TCONCATTest.case_float_16x64_16x32_16x32_16x32_16x32,a2a3,float,float,16,64,16,32,7756,512,0.066013
tconcatidx,TCONCATTest.case_int16_32x256_32x128_32x128_32x128_32x128,a2a3,int16,int16,32,256,32,128,45280,4096,0.090459
tcvt,TCVTTest.nonsattorch_fp16_int8_1x32,a2a3,fp16,int8,1,32,1,32,1880,32,0.017021
tcvt,TCVTTest.nonsattorch_fp16_int8_2x64,a2a3,fp16,int8,2,64,2,64,1960,128,0.065306
tcvt,TCVTTest.nonsattorch_fp16_int8_8x128,a2a3,fp16,int8,8,128,8,128,2782,1024,0.368081
tcvt,TCVTTest.nonsattorch_fp16_int16_1x32,a2a3,fp16,int16,1,32,1,32,1821,32,0.017573
tcvt,TCVTTest.nonsattorch_fp32_int16_1x32,a2a3,fp32,int16,1,32,1,32,1927,32,0.016606
tcvt,TCVTTest.nonsattorch_fp16_int8_4x128_4x65,a2a3,int8,4x128,4,65,4,65,3013,260,0.086293
tcvt,TCVTTest.nonsattorch_fp16_int8_2x32_2x16,a2a3,int8,2x32,2,16,2,16,2834,32,0.011291
tcvt,TCVTTest.nonsattorch_fp16_int16_4x128_4x65,a2a3,int16,4x128,4,65,4,65,1999,260,0.130065
tcvt,TCVTTest.nonsattorch_fp32_int16_4x128_4x65,a2a3,int16,4x128,4,65,4,65,2124,260,0.122411
tdequant,TDEQUANTTest.case1,a2a3,unknown,unknown,0,0,0,0,4844,0,
tdequant,TDEQUANTTest.case2,a2a3,unknown,unknown,0,0,0,0,4665,0,
tdequant,TDEQUANTTest.case3,a2a3,unknown,unknown,0,0,0,0,5405,0,
tdequant,TDEQUANTTest.case4,a2a3,unknown,unknown,0,0,0,0,3254,0,
tdequant,TDEQUANTTest.case5,a2a3,unknown,unknown,0,0,0,0,5826,0,
tdequant,TDEQUANTTest.case6,a2a3,unknown,unknown,0,0,0,0,2359,0,
tdiv,TDIVTest.case_float_64x64_64x64_64x64,a2a3,float,float,64,64,64,64,2787,4096,1.469681
tdiv,TDIVTest.case_half_64x64_64x64_64x64,a2a3,half,half,64,64,64,64,2485,4096,1.64829
tdiv,TDIVTest.case_half_61x61_64x64_61x61,a2a3,half,half,61,61,61,61,4105,3721,0.906456
tdiv,TDIVTest.case_float_60x30_64x32_60x30,a2a3,float,float,60,30,60,30,3928,1800,0.458248
tdiv,TDIVTest.case_float_32x32_32x32_32x32,a2a3,float,float,32,32,32,32,1987,1024,0.51535
tdivs,TDIVSTest.case1,a2a3,unknown,unknown,0,0,0,0,2290,0,
tdivs,TDIVSTest.case2,a2a3,unknown,unknown,0,0,0,0,2691,0,
tdivs,TDIVSTest.case3,a2a3,unknown,unknown,0,0,0,0,177073,0,
tdivs,TDIVSTest.case4,a2a3,unknown,unknown,0,0,0,0,117000,0,
tdivs,TDIVSTest.case5,a2a3,unknown,unknown,0,0,0,0,2283,0,
tdivs,TDIVSTest.case6,a2a3,unknown,unknown,0,0,0,0,2885,0,
tdivs,TDIVSTest.case7,a2a3,unknown,unknown,0,0,0,0,116881,0,
tdivs,TDIVSTest.case8,a2a3,unknown,unknown,0,0,0,0,2606,0,
tdivs,TDIVSTest.case9,a2a3,unknown,unknown,0,0,0,0,6385,0,
tdivs,TDIVSTest.case10,a2a3,unknown,unknown,0,0,0,0,2272,0,
tdivs,TDIVSTest.case11,a2a3,unknown,unknown,0,0,0,0,2583,0,
tdivs,TDIVSTest.case12,a2a3,unknown,unknown,0,0,0,0,159961,0,
tdivs,TDIVSTest.case13,a2a3,unknown,unknown,0,0,0,0,128903,0,
tdivs,TDIVSTest.case14,a2a3,unknown,unknown,0,0,0,0,2155,0,
tdivs,TDIVSTest.case15,a2a3,unknown,unknown,0,0,0,0,2785,0,
tdivs,TDIVSTest.case16,a2a3,unknown,unknown,0,0,0,0,128780,0,
tdivs,TDIVSTest.case17,a2a3,unknown,unknown,0,0,0,0,2610,0,
tdivs,TDIVSTest.case18,a2a3,unknown,unknown,0,0,0,0,6388,0,
texp,TEXPTest.case_float_64x64_64x64_64x64_inPlace_True,a2a3,float,float,64,64,64,64,2148,4096,1.90689
texp,TEXPTest.case_float_64x64_64x64_64x64_inPlace_False,a2a3,float,float,64,64,64,64,2279,4096,1.79728
texp,TEXPTest.case_half_64x64_64x64_64x64_inPlace_True,a2a3,half,half,64,64,64,64,2222,4096,1.843384
texp,TEXPTest.case_half_64x64_64x64_64x64_inPlace_False,a2a3,half,half,64,64,64,64,2081,4096,1.968284
texpands,TEXPANDSTest.case_float_64x64_64x64_64x64_PAD_VALUE_NULL,a2a3,float,float,64,64,64,64,1908,4096,2.146751
texpands,TEXPANDSTest.case_int32_64x64_64x64_64x64_PAD_VALUE_NULL,a2a3,int32,int32,64,64,64,64,1923,4096,2.130005
texpands,TEXPANDSTest.case_half_64x64_64x64_64x64_PAD_VALUE_NULL,a2a3,half,half,64,64,64,64,2044,4096,2.003914
texpands,TEXPANDSTest.case_int16_64x64_64x64_64x64_PAD_VALUE_NULL,a2a3,int16,int16,64,64,64,64,2039,4096,2.008828
texpands,TEXPANDSTest.case_float_60x60_64x64_60x60_PAD_VALUE_MAX,a2a3,float,float,60,60,60,60,2611,3600,1.378782
texpands,TEXPANDSTest.case_int32_60x60_64x64_60x60_PAD_VALUE_MAX,a2a3,int32,int32,60,60,60,60,2596,3600,1.386749
texpands,TEXPANDSTest.case_half_1x3600_2x4096_1x3600_PAD_VALUE_MAX,a2a3,half,half,1,3600,1,3600,1462,3600,2.46238
texpands,TEXPANDSTest.case_int16_16x200_20x512_16x200_PAD_VALUE_MAX,a2a3,int16,int16,16,200,16,200,1798,3200,1.779755
texpands,TEXPANDSTest.case_int8_16x200_20x512_16x200_PAD_VALUE_MAX,a2a3,int8,int8,16,200,16,200,1686,3200,1.897983
texpands_mat,TEXPANDSTest.case1,a2a3,unknown,unknown,0,0,0,0,3026,0,
texpands_mat,TEXPANDSTest.case2,a2a3,unknown,unknown,0,0,0,0,1688,0,
texpands_mat,TEXPANDSTest.case3,a2a3,unknown,unknown,0,0,0,0,1940,0,
texpands_mat,TEXPANDSTest.case4,a2a3,unknown,unknown,0,0,0,0,1690,0,
texpands_mat,TEXPANDSTest.case5,a2a3,unknown,unknown,0,0,0,0,6736,0,
texpands_mat,TEXPANDSTest.case6,a2a3,unknown,unknown,0,0,0,0,7654,0,
texpands_mat,TEXPANDSTest.case7,a2a3,unknown,unknown,0,0,0,0,1570,0,
texpands_mat,TEXPANDSTest.case8,a2a3,unknown,unknown,0,0,0,0,1559,0,
texpands_mat,TEXPANDSTest.case9,a2a3,unknown,unknown,0,0,0,0,1472,0,
textract,TMOVTest.case1_half_0_1_param,a2a3,unknown,unknown,0,0,0,0,2813,0,
textract,TMOVTest.case2_int8_0_1_param,a2a3,unknown,unknown,0,0,0,0,2509,0,
textract,TMOVTest.case3_float_0_1_param,a2a3,unknown,unknown,0,0,0,0,3210,0,
textract,TMOVTest.case4_bfloat16_0_1_param,a2a3,unknown,unknown,0,0,0,0,2443,0,
textract,TMOVTest.case11_half_1_0_param,a2a3,unknown,unknown,0,0,0,0,3339,0,
textract,TMOVTest.case12_int8_1_0_param,a2a3,unknown,unknown,0,0,0,0,2313,0,
textract,TMOVTest.case13_float_1_0_param,a2a3,unknown,unknown,0,0,0,0,2734,0,
textract,TMOVTest.case14_bfloat16_1_0_param,a2a3,unknown,unknown,0,0,0,0,5010,0,
textract,TMOVTest.case21_float_0_0_29_29_44_param,a2a3,unknown,unknown,0,0,0,0,2394,0,
textract,TMOVTest.case22_float_0_0_29_29_36_param,a2a3,unknown,unknown,0,0,0,0,2442,0,
textract,TMOVTest.case23_int8_0_0_65_66_40_param,a2a3,unknown,unknown,0,0,0,0,3301,0,
textract,TMOVTest.case24_int8_0_0_65_82_40_param,a2a3,unknown,unknown,0,0,0,0,3179,0,
textract,TMOVTest.case25_bfloat16_0_0_44_39_39_param,a2a3,unknown,unknown,0,0,0,0,2773,0,
textract,TMOVTest.case31_float_1_1_29_29_44_param,a2a3,unknown,unknown,0,0,0,0,2502,0,
textract,TMOVTest.case32_float_1_1_29_29_36_param,a2a3,unknown,unknown,0,0,0,0,2393,0,
textract,TMOVTest.case33_int8_1_1_65_66_40_param,a2a3,unknown,unknown,0,0,0,0,3282,0,
textract,TMOVTest.case34_int8_1_1_65_82_40_param,a2a3,unknown,unknown,0,0,0,0,3302,0,
textract,TMOVTest.case35_bfloat16_1_1_44_39_39_param,a2a3,unknown,unknown,0,0,0,0,2781,0,
textract,TEXTRACTTest.case1_half_0_1_16_16_32_param,a2a3,unknown,unknown,0,0,0,0,2775,0,
textract,TEXTRACTTest.case2_int8_0_1_48_32_64_param,a2a3,unknown,unknown,0,0,0,0,2211,0,
textract,TEXTRACTTest.case3_float_0_1_32_16_48_param,a2a3,unknown,unknown,0,0,0,0,2584,0,
textract,TEXTRACTTest.case4_bfloat16_0_1_32_32_16_param,a2a3,unknown,unknown,0,0,0,0,2246,0,
textract,TEXTRACTTest.case11_half_1_0_96_0_64_param,a2a3,unknown,unknown,0,0,0,0,2506,0,
textract,TEXTRACTTest.case12_int8_1_0_32_0_32_param,a2a3,unknown,unknown,0,0,0,0,2053,0,
textract,TEXTRACTTest.case13_float_1_0_32_0_16_param,a2a3,unknown,unknown,0,0,0,0,2555,0,
textract,TEXTRACTTest.case14_bfloat16_1_0_32_0_48_param,a2a3,unknown,unknown,0,0,0,0,3373,0,
textract,TEXTRACTTest.case21_float_0_0_29_29_36_param,a2a3,unknown,unknown,0,0,0,0,2292,0,
textract,TEXTRACTTest.case22_int8_0_0_65_66_40_param,a2a3,unknown,unknown,0,0,0,0,2008,0,
textract,TEXTRACTTest.case23_bfloat16_0_0_44_39_39_param,a2a3,unknown,unknown,0,0,0,0,2677,0,
textract,TEXTRACTTest.case31_float_1_1_29_29_36_param,a2a3,unknown,unknown,0,0,0,0,2300,0,
textract,TEXTRACTTest.case32_int8_1_1_65_66_40_param,a2a3,unknown,unknown,0,0,0,0,1961,0,
textract,TEXTRACTTest.case33_bfloat16_1_1_44_39_39_param,a2a3,unknown,unknown,0,0,0,0,2681,0,
textract,TEXTRACTTest.case41_dynamic_half_0_1_16_0_32_param,a2a3,unknown,unknown,0,0,0,0,2893,0,
textract,TEXTRACTTest.case42_dynamic_int8_1_1_32_0_32_param,a2a3,unknown,unknown,0,0,0,0,2215,0,
textract,TEXTRACT_Compact_Test.case1_float_1_0_param,a2a3,unknown,unknown,0,0,0,0,5283,0,
textract,TEXTRACT_Compact_Test.case2_int8_1_0_param,a2a3,unknown,unknown,0,0,0,0,2886,0,
textract,TEXTRACT_Compact_Test.case3_bfloat16_1_0_param,a2a3,unknown,unknown,0,0,0,0,3272,0,
textract,TEXTRACT_Compact_Test.case11_float_0_1_param,a2a3,unknown,unknown,0,0,0,0,5317,0,
textract,TEXTRACT_Compact_Test.case12_int8_0_1_param,a2a3,unknown,unknown,0,0,0,0,2903,0,
textract,TEXTRACT_Compact_Test.case13_bfloat16_0_1_param,a2a3,unknown,unknown,0,0,0,0,3406,0,
textract,TEXTRACT_Compact_Test.case21_float_0_0_param,a2a3,unknown,unknown,0,0,0,0,5056,0,
textract,TEXTRACT_Compact_Test.case22_int8_0_0_param,a2a3,unknown,unknown,0,0,0,0,2659,0,
textract,TEXTRACT_Compact_Test.case23_bfloat16_0_0_param,a2a3,unknown,unknown,0,0,0,0,3190,0,
textract,TEXTRACT_Compact_Test.case31_float_1_1_param,a2a3,unknown,unknown,0,0,0,0,4204,0,
textract,TEXTRACT_Compact_Test.case32_int8_1_1_param,a2a3,unknown,unknown,0,0,0,0,2618,0,
textract,TEXTRACT_Compact_Test.case33_bfloat16_1_1_param,a2a3,unknown,unknown,0,0,0,0,3110,0,
tfillpad,TFILLPADTest.case_float_GT_128_127_VT_128_128_BLK1_PADMAX_PADMAX,a2a3,float,float,128,128,128,127,16012,16256,1.015239
tfillpad,TFILLPADTest.case_float_GT_128_127_VT_128_160_BLK1_PADMAX_PADMAX,a2a3,float,float,128,160,128,127,16027,16256,1.014288
tfillpad,TFILLPADTest.case_float_GT_128_127_VT_128_160_BLK1_PADMIN_PADMAX,a2a3,float,float,128,160,128,127,16019,16256,1.014795
tfillpad,TFILLPADTest.case_float_GT_260_7_VT_260_16_BLK1_PADMIN_PADMAX,a2a3,float,float,260,16,260,7,14879,1820,0.12232
tfillpad,TFILLPADTest.case_float_GT_260_7_VT_260_16_BLK1_PADMIN_PADMAX_INPLACE,a2a3,float,float,260,16,260,7,15113,1820,0.120426
tfillpad,TFILLPADTest.case_u16_GT_260_7_VT_260_32_BLK1_PADMIN_PADMAX,a2a3,u16,u16,260,32,260,7,15084,1820,0.120658
tfillpad,TFILLPADTest.case_s8_GT_260_7_VT_260_64_BLK1_PADMIN_PADMAX,a2a3,s8,s8,260,64,260,7,20655,1820,0.088114
tfillpad,TFILLPADTest.case_u16_GT_259_7_VT_260_32_BLK1_PADMIN_PADMAX_EXPAND,a2a3,u16,u16,260,32,259,7,14877,1813,0.121866
tfillpad,TFILLPADTest.case_s8_GT_259_7_VT_260_64_BLK1_PADMIN_PADMAX_EXPAND,a2a3,s8,s8,260,64,259,7,20786,1813,0.087222
tfillpad,TFILLPADTest.case_s16_GT_260_7_VT_260_32_BLK1_PADMIN_PADMIN,a2a3,s16,s16,260,32,260,7,14897,1820,0.122172
tfillpad,TFILLPADTest.case_s32_GT_260_7_VT_260_32_BLK1_PADMIN_PADMIN,a2a3,s32,s32,260,32,260,7,15121,1820,0.120362
tfillpad,TFILLPADTest.case_float_GT_128_64_VT_128_128_PADCUSTOM_NEG1,a2a3,float,float,128,128,128,64,13912,8192,0.588844
tfillpad,TFILLPADTest.case_float_GT_128_127_VT_128_160_BLK1_PADCUSTOM_NEG1_PADCUSTOM_NEG1,a2a3,float,float,128,160,128,127,16040,16256,1.013466
tfmod,TFMODTest.case_float_16x64_16x128_16x128_16x64,a2a3,float,float,16,64,16,64,3597,1024,0.284682
tfmod,TFMODTest.case_float_16x32_16x64_16x32_16x32,a2a3,float,float,16,32,16,32,3560,512,0.14382
tfmod,TFMODTest.case_float_16x64_16x128_16x128_16x63,a2a3,float,float,16,64,16,63,3803,1008,0.265054
tfmod,TFMODTest.case_float_2x32_2x64_2x32_2x31,a2a3,float,float,2,32,2,31,1971,62,0.031456
tfmod,TFMODTest.case_float_1x8192_1x8192_1x8192_1x8192,a2a3,float,float,1,8192,1,8192,3892,8192,2.10483
tfmods,TFMODSTest.case1,a2a3,unknown,unknown,0,0,0,0,5759,0,
tfmods,TFMODSTest.case5,a2a3,unknown,unknown,0,0,0,0,2975,0,
tfmods,TFMODSTest.case6,a2a3,unknown,unknown,0,0,0,0,32994,0,
tfmods,TFMODSTest.case7,a2a3,unknown,unknown,0,0,0,0,5725,0,
tfmods,TFMODSTest.case11,a2a3,unknown,unknown,0,0,0,0,3092,0,
tfmods,TFMODSTest.case12,a2a3,unknown,unknown,0,0,0,0,33715,0,
tfmods,TFMODSTest.case16,a2a3,unknown,unknown,0,0,0,0,3733,0,
tgather,TGATHERTest.case_1D_float_32x1024_16x64,a2a3,1D_float,1D_float,32,1024,16,64,4072,1024,0.251473
tgather,TGATHERTest.case_1D_int32_32x512_16x256,a2a3,1D_int32,1D_int32,32,512,16,256,4584,4096,0.893543
tgather,TGATHERTest.case_1D_half_16x1024_16x128,a2a3,1D_half,1D_half,16,1024,16,128,3333,2048,0.614461
tgather,TGATHERTest.case_1D_int16_32x256_32x64,a2a3,1D_int16,1D_int16,32,256,32,64,3994,2048,0.512769
tgather,TGATHERTest.case_1D_half_1x16_1x16,a2a3,1D_half,1D_half,1,16,1,16,1782,16,0.008979
tgather,TGATHERTest.case_1D_half_1x32_1x32,a2a3,1D_half,1D_half,1,32,1,32,1786,32,0.017917
tgather,TGATHERTest.case_1D_half_1x64_1x64,a2a3,1D_half,1D_half,1,64,1,64,1890,64,0.033862
tgather,TGATHERTest.case_1D_half_1x128_1x128,a2a3,1D_half,1D_half,1,128,1,128,2027,128,0.063148
tgather,TGATHERTest.case_1D_half_1x128_1x64,a2a3,1D_half,1D_half,1,128,1,64,1814,64,0.035281
tgather,TGATHERTest.case_1D_float_1024x16_1024x16,a2a3,1D_float,1D_float,1024,16,1024,16,52786,16384,0.310385
tgather,TGATHERTest.case_1D_float_16x16_32x32,a2a3,1D_float,1D_float,16,16,32,32,3139,1024,0.326219
tgather,TGATHERTest.case_1D_half_16x16_32x32,a2a3,1D_half,1D_half,16,16,32,32,3538,1024,0.289429
tabs,TABSTest.case_float_64x64_64x64_64x64_inPlace_True,a2a3,float,float,64,64,64,64,2162,4096,1.894542
tabs,TABSTest.case_float_64x64_64x64_64x64_inPlace_False,a2a3,float,float,64,64,64,64,2170,4096,1.887558
tabs,TABSTest.case_half_64x64_64x64_64x64_inPlace_True,a2a3,half,half,64,64,64,64,2071,4096,1.977789
tabs,TABSTest.case_half_64x64_64x64_64x64_inPlace_False,a2a3,half,half,64,64,64,64,2090,4096,1.959809
tadd,TADDTest.case_float_64x64_64x64,a2a3,float,float,64,64,64,64,2950,4096,1.388475
tadd,TADDTest.case_int32_64x64_64x64,a2a3,int32,int32,64,64,64,64,2956,4096,1.385656
tadd,TADDTest.case_int16_64x64_64x64,a2a3,int16,int16,64,64,64,64,2854,4096,1.435179
tadd,TADDTest.case_half_16x256_16x256,a2a3,half,half,16,256,16,256,2343,4096,1.748186
taddplus,TADDPLUSTest.case_half_16x64_16x128_16x128_16x64,a2a3,half,half,16,64,16,64,1953,1024,0.524322
taddplus,TADDPLUSTest.case_float_16x32_16x64_16x32_16x32,a2a3,float,float,16,32,16,32,1999,512,0.256128
taddplus,TADDPLUSTest.case_int16_32x128_32x128_32x256_32x128,a2a3,int16,int16,32,128,32,128,2662,4096,1.538693
taddplus,TADDPLUSTest.case_int32_16x32_16x64_16x32_16x32,a2a3,int32,int32,16,32,16,32,2028,512,0.252465
taddplus,TADDPLUSTest.case_half_16x64_16x128_16x128_16x63,a2a3,half,half,16,64,16,63,1943,1008,0.518785
taddplus,TADDPLUSTest.case_float_16x32_16x64_16x32_16x31,a2a3,float,float,16,32,16,31,2091,496,0.237207
taddplus,TADDPLUSTest.case_int16_32x128_32x128_32x256_32x127,a2a3,int16,int16,32,128,32,127,2688,4064,1.511905
taddplus,TADDPLUSTest.case_int32_16x32_16x64_16x32_16x31,a2a3,int32,int32,16,32,16,31,2067,496,0.239961
tadds,TADDSTest.case1,a2a3,float,float,32,64,32,64,2067,2048,0.990808
tadds,TADDSTest.case2,a2a3,half,half,63,64,63,64,2270,4032,1.776211
tadds,TADDSTest.case3,a2a3,int32,int32,31,128,31,128,2160,3968,1.837037
tadds,TADDSTest.case4,a2a3,int16,int16,15,192,15,192,2082,2880,1.383285
tadds,TADDSTest.case5,a2a3,float,float,7,448,7,448,2063,3136,1.520116
tadds,TADDSTest.case6,a2a3,float,float,256,16,256,16,4782,4096,0.856545
tadds,TADDSTest.case7,a2a3,float,float,32,128,32,64,2075,2048,0.986988
tadds,TADDSTest.case8,a2a3,half,half,63,128,63,64,2589,4032,1.557358
tadds,TADDSTest.case9,a2a3,int32,int32,31,256,31,128,2169,3968,1.829414
tadds,TADDSTest.case10,a2a3,int16,int16,15,192,15,192,1988,2880,1.448692
tadds,TADDSTest.case11,a2a3,float,float,7,512,7,448,2187,3136,1.433928
tadds,TADDSTest.case12,a2a3,float,float,256,32,256,16,5796,4096,0.706694
tand,TANDTest.case1,a2a3,uint16,uint16,64,64,64,64,2754,4096,1.487291
tand,TANDTest.case2,a2a3,uint16,uint16,64,64,63,63,4262,3969,0.931253
tand,TANDTest.case3,a2a3,uint16,uint16,1,16384,1,16384,3337,16384,4.909799
tand,TANDTest.case4,a2a3,uint16,uint16,2048,16,2048,16,26134,32768,1.253846
tand,TANDTest.case5,a2a3,int16,int16,64,64,64,64,2741,4096,1.494345
tand,TANDTest.case6,a2a3,uint16,uint16,64,64,64,64,2739,4096,1.495436
tand,TANDTest.case7,a2a3,uint8,uint8,64,64,63,63,3362,3969,1.180547
tand,TANDTest.case8,a2a3,int8,int8,64,64,63,63,3469,3969,1.144134
tands,TANDSTest.case_int16_64x64_64x64_64x64,a2a3,int16,int16,64,64,64,64,2082,4096,1.967339
tands,TANDSTest.case_int16_32x128_32x128_32x128,a2a3,int16,int16,32,128,32,128,2059,4096,1.989315
tands,TANDSTest.case_int16_32x112_32x128_32x111,a2a3,int16,int16,32,112,32,111,2659,3552,1.335841
tands,TANDSTest.case_uint16_64x64_64x64_64x64,a2a3,uint16,uint16,64,64,64,64,2083,4096,1.966395
tands,TANDSTest.case_uint16_32x128_32x128_32x128,a2a3,uint16,uint16,32,128,32,128,2019,4096,2.028727
tands,TANDSTest.case_uint16_32x112_32x128_32x111,a2a3,uint16,uint16,32,112,32,111,2656,3552,1.337349
taxpy,TAXPYTest.case1,a2a3,half,half,64,64,64,64,2743,4096,1.493256
taxpy,TAXPYTest.case2,a2a3,half,half,64,64,63,63,4365,3969,0.909278
taxpy,TAXPYTest.case3,a2a3,half,half,1,16384,1,16384,3457,16384,4.739369
taxpy,TAXPYTest.case4,a2a3,half,half,2048,16,2048,16,29662,32768,1.104713
taxpy,TAXPYTest.case5,a2a3,float,float,64,64,64,64,2942,4096,1.39225
taxpy,TAXPYTest.case6,a2a3,float,float,64,64,63,63,5263,3969,0.754133
taxpy,TAXPYTest.case7,a2a3,half,float,64,64,63,63,4951,3969,0.801656
taxpy,TAXPYTest.case8,a2a3,half,float,4,1024,4,1023,2787,4092,1.468245
taxpy,TAXPYTest.case9,a2a3,half,float,256,16,256,15,7883,3840,0.487124
tci,TCITest.case1_int32,a2a3,int32,int32,1,128,1,128,2594,128,0.049345
tci,TCITest.case2_int32,a2a3,int32,int32,1,600,1,600,6360,600,0.09434
tci,TCITest.case3_int32,a2a3,int32,int32,1,32,1,32,1828,32,0.017505
tci,TCITest.case4_int32,a2a3,int32,int32,1,2000,1,2000,17570,2000,0.11383
tci,TCITest.case5_int16,a2a3,int16,int16,1,256,1,256,3605,256,0.071012
tci,TCITest.case6_int16,a2a3,int16,int16,1,800,1,800,7844,800,0.101989
tci,TCITest.case7_int16,a2a3,int16,int16,1,64,1,64,1951,64,0.032804
tci,TCITest.case8_int16,a2a3,int16,int16,1,5120,1,5120,42544,5120,0.120346
tci,TCITest.case9_int32,a2a3,int32,int32,1,128,1,128,1589,128,0.080554
tci,TCITest.case10_int32,a2a3,int32,int32,1,32,1,32,1947,32,0.016436
tci,TCITest.case11_int16,a2a3,int16,int16,1,256,1,256,1976,256,0.129555
tci,TCITest.case12_int16,a2a3,int16,int16,1,800,1,800,1988,800,0.402414
tci,TCITest.case13_int16,a2a3,int16,int16,1,3328,1,3328,2233,3328,1.490372
