testcase,gtest,soc,src_dtype,dst_dtype,tile_rows,tile_cols,valid_rows,valid_cols,system_ticks,total_elements,epc,dtype_bytes,bytes_per_cycle
tabs,TABSTest.case_float_64x64_64x64_64x64_inPlace_True,a2a3,float,float,64,64,64,64,2084,4096,1.965451,4,7.861804
tabs,TABSTest.case_float_64x64_64x64_64x64_inPlace_False,a2a3,float,float,64,64,64,64,2180,4096,1.878899,4,7.515596
tabs,TABSTest.case_half_64x64_64x64_64x64_inPlace_True,a2a3,half,half,64,64,64,64,2092,4096,1.957935,2,3.915870
tabs,TABSTest.case_half_64x64_64x64_64x64_inPlace_False,a2a3,half,half,64,64,64,64,1972,4096,2.077079,2,4.154158
tadd,TADDTest.case_float_64x64_64x64,a2a3,float,float,64,64,64,64,2843,4096,1.440732,4,5.762928
tadd,TADDTest.case_int32_64x64_64x64,a2a3,int32,int32,64,64,64,64,2844,4096,1.440225,4,5.760900
tadd,TADDTest.case_int16_64x64_64x64,a2a3,int16,int16,64,64,64,64,2743,4096,1.493256,2,2.986512
tadd,TADDTest.case_half_16x256_16x256,a2a3,half,half,16,256,16,256,2451,4096,1.671155,2,3.342310
taddplus,TADDPLUSTest.case_half_16x64_16x128_16x128_16x64,a2a3,half,half,16,64,16,64,2072,1024,0.494208,2,0.988416
taddplus,TADDPLUSTest.case_float_16x32_16x64_16x32_16x32,a2a3,float,float,16,32,16,32,1892,512,0.270613,4,1.082452
taddplus,TADDPLUSTest.case_int16_32x128_32x128_32x256_32x128,a2a3,int16,int16,32,128,32,128,2657,4096,1.541588,2,3.083176
taddplus,TADDPLUSTest.case_int32_16x32_16x64_16x32_16x32,a2a3,int32,int32,16,32,16,32,1934,512,0.264736,4,1.058944
taddplus,TADDPLUSTest.case_half_16x64_16x128_16x128_16x63,a2a3,half,half,16,64,16,63,2090,1008,0.482297,2,0.964594
taddplus,TADDPLUSTest.case_float_16x32_16x64_16x32_16x31,a2a3,float,float,16,32,16,31,2095,496,0.236754,4,0.947016
taddplus,TADDPLUSTest.case_int16_32x128_32x128_32x256_32x127,a2a3,int16,int16,32,128,32,127,2707,4064,1.501293,2,3.002586
taddplus,TADDPLUSTest.case_int32_16x32_16x64_16x32_16x31,a2a3,int32,int32,16,32,16,31,2029,496,0.244455,4,0.977820
tadds,TADDSTest.case1,a2a3,float,float,32,64,32,64,2075,2048,0.986988,4,3.947952
tadds,TADDSTest.case2,a2a3,half,half,63,64,63,64,2260,4032,1.784071,2,3.568142
tadds,TADDSTest.case3,a2a3,int32,int32,31,128,31,128,2171,3968,1.827729,4,7.310916
tadds,TADDSTest.case4,a2a3,int16,int16,15,192,15,192,1971,2880,1.461187,2,2.922374
tadds,TADDSTest.case5,a2a3,float,float,7,448,7,448,2074,3136,1.512054,4,6.048216
tadds,TADDSTest.case6,a2a3,float,float,256,16,256,16,4765,4096,0.859601,4,3.438404
tadds,TADDSTest.case7,a2a3,float,float,32,128,32,64,2079,2048,0.985089,4,3.940356
tadds,TADDSTest.case8,a2a3,half,half,63,128,63,64,2469,4032,1.63305,2,3.266100
tadds,TADDSTest.case9,a2a3,int32,int32,31,256,31,128,2318,3968,1.711821,4,6.847284
tadds,TADDSTest.case10,a2a3,int16,int16,15,192,15,192,1974,2880,1.458967,2,2.917934
tadds,TADDSTest.case11,a2a3,float,float,7,512,7,448,2099,3136,1.494045,4,5.976180
tadds,TADDSTest.case12,a2a3,float,float,256,32,256,16,5775,4096,0.709264,4,2.837056
tand,TANDTest.case1,a2a3,uint16,uint16,64,64,64,64,2864,4096,1.430168,2,2.860336
tand,TANDTest.case2,a2a3,uint16,uint16,64,64,63,63,4246,3969,0.934762,2,1.869524
tand,TANDTest.case3,a2a3,uint16,uint16,1,16384,1,16384,3453,16384,4.74486,2,9.489720
tand,TANDTest.case4,a2a3,uint16,uint16,2048,16,2048,16,26120,32768,1.254518,2,2.509036
tand,TANDTest.case5,a2a3,int16,int16,64,64,64,64,2763,4096,1.482447,2,2.964894
tand,TANDTest.case6,a2a3,uint16,uint16,64,64,64,64,2885,4096,1.419757,2,2.839514
tand,TANDTest.case7,a2a3,uint8,uint8,64,64,63,63,3473,3969,1.142816,1,1.142816
tand,TANDTest.case8,a2a3,int8,int8,64,64,63,63,3351,3969,1.184423,1,1.184423
tands,TANDSTest.case_int16_64x64_64x64_64x64,a2a3,int16,int16,64,64,64,64,2090,4096,1.959809,2,3.919618
tands,TANDSTest.case_int16_32x128_32x128_32x128,a2a3,int16,int16,32,128,32,128,1945,4096,2.105913,2,4.211826
tands,TANDSTest.case_int16_32x112_32x128_32x111,a2a3,int16,int16,32,112,32,111,2547,3552,1.394582,2,2.789164
tands,TANDSTest.case_uint16_64x64_64x64_64x64,a2a3,uint16,uint16,64,64,64,64,2212,4096,1.851718,2,3.703436
tands,TANDSTest.case_uint16_32x128_32x128_32x128,a2a3,uint16,uint16,32,128,32,128,2111,4096,1.940313,2,3.880626
tands,TANDSTest.case_uint16_32x112_32x128_32x111,a2a3,uint16,uint16,32,112,32,111,2692,3552,1.319465,2,2.638930
taxpy,TAXPYTest.case1,a2a3,half,half,64,64,64,64,2748,4096,1.490539,2,2.981078
taxpy,TAXPYTest.case2,a2a3,half,half,64,64,63,63,4369,3969,0.908446,2,1.816892
taxpy,TAXPYTest.case3,a2a3,half,half,1,16384,1,16384,3461,16384,4.733892,2,9.467784
taxpy,TAXPYTest.case4,a2a3,half,half,2048,16,2048,16,29663,32768,1.104676,2,2.209352
taxpy,TAXPYTest.case5,a2a3,float,float,64,64,64,64,2954,4096,1.386594,4,5.546376
taxpy,TAXPYTest.case6,a2a3,float,float,64,64,63,63,5288,3969,0.750567,4,3.002268
taxpy,TAXPYTest.case7,a2a3,half,float,64,64,63,63,4968,3969,0.798913,2,1.597826
taxpy,TAXPYTest.case8,a2a3,half,float,4,1024,4,1023,2755,4092,1.485299,2,2.970598
taxpy,TAXPYTest.case9,a2a3,half,float,256,16,256,15,7778,3840,0.4937,2,0.987400
tci,TCITest.case1_int32,a2a3,int32,int32,1,128,1,128,2471,128,0.051801,4,0.207204
tci,TCITest.case2_int32,a2a3,int32,int32,1,600,1,600,6357,600,0.094384,4,0.377536
tci,TCITest.case3_int32,a2a3,int32,int32,1,32,1,32,1718,32,0.018626,4,0.074504
tci,TCITest.case4_int32,a2a3,int32,int32,1,2000,1,2000,17568,2000,0.113843,4,0.455372
tci,TCITest.case5_int16,a2a3,int16,int16,1,256,1,256,3632,256,0.070485,2,0.140970
tci,TCITest.case6_int16,a2a3,int16,int16,1,800,1,800,7844,800,0.101989,2,0.203978
tci,TCITest.case7_int16,a2a3,int16,int16,1,64,1,64,2076,64,0.030829,2,0.061658
tci,TCITest.case8_int16,a2a3,int16,int16,1,5120,1,5120,42530,5120,0.120386,2,0.240772
tci,TCITest.case9_int32,a2a3,int32,int32,1,128,1,128,1600,128,0.08,4,0.320000
tci,TCITest.case10_int32,a2a3,int32,int32,1,32,1,32,1937,32,0.01652,4,0.066080
tci,TCITest.case11_int16,a2a3,int16,int16,1,256,1,256,1984,256,0.129032,2,0.258064
tci,TCITest.case12_int16,a2a3,int16,int16,1,800,1,800,2003,800,0.399401,2,0.798802
tci,TCITest.case13_int16,a2a3,int16,int16,1,3328,1,3328,2232,3328,1.491039,2,2.982078
tcmp,TCMPTest.case_float_1x64_1x64_1x64,a2a3,float,float,1,64,1,64,1890,64,0.033862,4,0.135448
tcmp,TCMPTest.case_float_8x64_8x64_8x64,a2a3,float,float,8,64,8,64,1967,512,0.260295,4,1.041180
tcmp,TCMPTest.case_int32_64x64_32x32_64x64,a2a3,int32,int32,64,64,64,64,2758,4096,1.485134,4,5.940536
tcmp,TCMPTest.case_int32_16x32_16x32_16x32,a2a3,int32,int32,16,32,16,32,2070,512,0.247343,4,0.989372
tcmp,TCMPTest.case_float_128x128_64x64_128x128,a2a3,float,float,128,128,128,128,4003,16384,4.09293,4,16.371720
tcmp,TCMPTest.case_int32_77x81_32x32_77x81,a2a3,int32,int32,77,81,77,81,2949,6237,2.114954,4,8.459816
tcmp,TCMPTest.case_int32_32x32_32x32_32x32,a2a3,int32,int32,32,32,32,32,2167,1024,0.472543,4,1.890172
tcmps,TCMPSTest.case_half_32x32_32x32_32x32,a2a3,half,half,32,32,32,32,2179,1024,0.46994,2,0.939880
tcmps,TCMPSTest.case_float_1x64_1x64_1x64,a2a3,float,float,1,64,1,64,1985,64,0.032242,4,0.128968
tcmps,TCMPSTest.case_float_8x64_8x64_8x64,a2a3,float,float,8,64,8,64,2082,512,0.245917,4,0.983668
tcmps,TCMPSTest.case_float_4x64_4x64_4x64,a2a3,float,float,4,64,4,64,2002,256,0.127872,4,0.511488
tcmps,TCMPSTest.case_float_128x128_64x64_128x128,a2a3,float,float,128,128,128,128,3488,16384,4.697248,4,18.788992
tcmps,TCMPSTest.case_int32_64x64_32x32_64x64,a2a3,int32,int32,64,64,64,64,2832,4096,1.446328,4,5.785312
tcmps,TCMPSTest.case_int32_16x32_16x32_16x32,a2a3,int32,int32,16,32,16,32,2104,512,0.243346,4,0.973384
tcmps,TCMPSTest.case_float_128x128_128x128_128x128,a2a3,float,float,128,128,128,128,4036,16384,4.059465,4,16.237860
tcmps,TCMPSTest.case_int32_77x81_32x32_77x81,a2a3,int32,int32,77,81,77,81,2739,6237,2.277108,4,9.108432
tcmps,TCMPSTest.case_int32_32x32_32x32_32x32,a2a3,int32,int32,32,32,32,32,2307,1024,0.443866,4,1.775464
tcolargmax,TCOLCMAXTest.case01,a2a3,float,uint32,1,256,1,255,1887,255,0.135135,4,0.540540
tcolargmax,TCOLCMAXTest.case02,a2a3,float,uint32,1,128,1,127,3492,127,0.036369,4,0.145476
tcolargmax,TCOLCMAXTest.case03,a2a3,float,uint32,1,256,1,255,4794,255,0.053191,4,0.212764
tcolargmax,TCOLCMAXTest.case11,a2a3,half,uint32,1,256,1,255,1899,255,0.134281,2,0.268562
tcolargmax,TCOLCMAXTest.case12,a2a3,half,uint32,1,128,1,127,2830,127,0.044876,2,0.089752
tcolargmax,TCOLCMAXTest.case13,a2a3,half,uint32,1,256,1,255,3613,255,0.070578,2,0.141156
tcolargmax,TCOLCMAXTest.case51,a2a3,uint16,uint32,1,256,1,255,1935,255,0.131783,2,0.263566
tcolargmax,TCOLCMAXTest.case52,a2a3,uint16,uint32,1,128,1,127,2934,127,0.043286,2,0.086572
tcolargmax,TCOLCMAXTest.case53,a2a3,uint16,uint32,1,256,1,255,3509,255,0.07267,2,0.145340
tcolargmax,TCOLCMAXTest.case71,a2a3,uint32,uint32,1,256,1,255,1893,255,0.134707,4,0.538828
tcolargmax,TCOLCMAXTest.case72,a2a3,uint32,uint32,1,128,1,127,3611,127,0.03517,4,0.140680
tcolargmax,TCOLCMAXTest.case73,a2a3,uint32,uint32,1,256,1,255,4661,255,0.054709,4,0.218836
tcolargmax,TCOLCMAXTest.case81,a2a3,half,uint32,1,32,1,32,2602,32,0.012298,2,0.024596
tcolargmax,TCOLCMAXTest.case82,a2a3,uint16,uint32,1,32,1,32,2600,32,0.012308,2,0.024616
tcolargmax,TCOLCMAXTest.case83,a2a3,uint32,uint32,1,32,1,31,2891,31,0.010723,4,0.042892
tcolargmax,TCOLCMAXTest.case84,a2a3,float,uint32,1,32,1,31,2766,31,0.011208,4,0.044832
tcolargmin,TCOLCMINTest.case01,a2a3,float,uint32,1,256,1,255,1881,255,0.135566,4,0.542264
tcolargmin,TCOLCMINTest.case02,a2a3,float,uint32,1,128,1,127,3508,127,0.036203,4,0.144812
tcolargmin,TCOLCMINTest.case03,a2a3,float,uint32,1,256,1,255,4792,255,0.053214,4,0.212856
tcolargmin,TCOLCMINTest.case11,a2a3,half,uint32,1,256,1,255,1895,255,0.134565,2,0.269130
tcolargmin,TCOLCMINTest.case12,a2a3,half,uint32,1,128,1,127,2930,127,0.043345,2,0.086690
tcolargmin,TCOLCMINTest.case13,a2a3,half,uint32,1,256,1,255,3593,255,0.070971,2,0.141942
tcolargmin,TCOLCMINTest.case51,a2a3,uint16,uint32,1,256,1,255,1970,255,0.129442,2,0.258884
tcolargmin,TCOLCMINTest.case52,a2a3,uint16,uint32,1,128,1,127,2958,127,0.042934,2,0.085868
tcolargmin,TCOLCMINTest.case53,a2a3,uint16,uint32,1,256,1,255,3486,255,0.07315,2,0.146300
tcolargmin,TCOLCMINTest.case71,a2a3,uint32,uint32,1,256,1,255,1886,255,0.135207,4,0.540828
tcolargmin,TCOLCMINTest.case72,a2a3,uint32,uint32,1,128,1,127,3488,127,0.036411,4,0.145644
tcolargmin,TCOLCMINTest.case73,a2a3,uint32,uint32,1,256,1,255,4793,255,0.053203,4,0.212812
tcolexpand,TCOLEXPANDTest.case1,a2a3,int16,int16,32,32,16,8,1897,128,0.067475,2,0.134950
tcolexpand,TCOLEXPANDTest.case2,a2a3,int32,int32,24,16,16,8,1892,128,0.067653,4,0.270612
tcolexpand,TCOLEXPANDTest.case3,a2a3,float,float,24,16,16,8,1774,128,0.072153,4,0.288612
tcolexpand,TCOLEXPANDTest.case4,a2a3,int16,int16,16,128,8,127,1909,1016,0.532216,2,1.064432
tcolexpand,TCOLEXPANDTest.case6,a2a3,float,float,16,64,15,63,1999,945,0.472736,4,1.890944
tcolexpand,TCOLEXPANDTest.case7,a2a3,int16,int16,12,256,6,256,1884,1536,0.815287,2,1.630574
tcolexpand,TCOLEXPANDTest.case8,a2a3,int32,int32,16,256,15,256,2098,3840,1.830315,4,7.321260
tcolexpand,TCOLEXPANDTest.case9,a2a3,float,float,16,64,15,64,1774,960,0.54115,4,2.164600
tcolexpand,TCOLEXPANDTest.case10,a2a3,int16,int16,16,256,7,255,1780,1785,1.002809,2,2.005618
tcolexpand,TCOLEXPANDTest.case11,a2a3,int32,int32,32,256,31,255,2900,7905,2.725862,4,10.903448
tcolexpand,TCOLEXPANDTest.case12,a2a3,float,float,1,64,1,63,1756,63,0.035877,4,0.143508
tcolexpandadd,TColExpandAddTest.case_fp32_16_128_1_128,a2a3,float,float,16,128,16,128,2373,2048,0.863043,4,3.452172
tcolexpandadd,TColExpandAddTest.case_fp32_32_32_1_32,a2a3,float,float,32,32,32,32,2556,1024,0.400626,4,1.602504
tcolexpandadd,TColExpandAddTest.case_fp16_4_256_1_256,a2a3,half,half,4,256,4,256,2308,1024,0.443674,2,0.887348
tcolexpandadd,TColExpandAddTest.case_fp16_10_64_1_64,a2a3,half,half,10,64,10,64,2182,640,0.293309,2,0.586618
tcolexpanddiv,TColExpandDivTest.case_fp32_32_64_1_64,a2a3,float,float,32,64,32,64,2779,2048,0.736956,4,2.947824
tcolexpanddiv,TColExpandDivTest.case_fp32_8_32_1_32,a2a3,float,float,8,32,8,32,2285,256,0.112035,4,0.448140
tcolexpanddiv,TColExpandDivTest.case_fp16_16_64_1_64,a2a3,half,half,16,64,16,64,2326,1024,0.440241,2,0.880482
tcolexpanddiv,TColExpandDivTest.case_fp16_4_128_1_128,a2a3,half,half,4,128,4,128,2178,512,0.235078,2,0.470156
tcolexpandmax,TColExpandMaxTest.case_fp32_16_128_1_128,a2a3,float,float,16,128,16,128,2524,2048,0.81141,4,3.245640
tcolexpandmax,TColExpandMaxTest.case_fp32_32_32_1_32,a2a3,float,float,32,32,32,32,2554,1024,0.40094,4,1.603760
tcolexpandmax,TColExpandMaxTest.case_fp16_4_256_1_256,a2a3,half,half,4,256,4,256,2196,1024,0.466302,2,0.932604
tcolexpandmax,TColExpandMaxTest.case_fp16_10_64_1_64,a2a3,half,half,10,64,10,64,2287,640,0.279843,2,0.559686
tcolexpandmin,TColExpandMinTest.case_fp32_16_128_1_128,a2a3,float,float,16,128,16,128,2511,2048,0.815611,4,3.262444
tcolexpandmin,TColExpandMinTest.case_fp32_32_32_1_32,a2a3,float,float,32,32,32,32,2673,1024,0.38309,4,1.532360
tcolexpandmin,TColExpandMinTest.case_fp16_4_256_1_256,a2a3,half,half,4,256,4,256,2200,1024,0.465455,2,0.930910
tcolexpandmin,TColExpandMinTest.case_fp16_10_64_1_64,a2a3,half,half,10,64,10,64,2294,640,0.278989,2,0.557978
tcolexpandmul,TColExpandMulTest.case_fp32_16_128_1_128,a2a3,float,float,16,128,16,128,2505,2048,0.817565,4,3.270260
tcolexpandmul,TColExpandMulTest.case_fp32_32_32_1_32,a2a3,float,float,32,32,32,32,2663,1024,0.384529,4,1.538116
tcolexpandmul,TColExpandMulTest.case_fp16_4_256_1_256,a2a3,half,half,4,256,4,256,2209,1024,0.463558,2,0.927116
tcolexpandmul,TColExpandMulTest.case_fp16_10_64_1_64,a2a3,half,half,10,64,10,64,2158,640,0.296571,2,0.593142
tcolexpandsub,TColExpandSubTest.case_fp32_6_128_1_128,a2a3,float,float,6,128,6,128,2349,768,0.326948,4,1.307792
tcolexpandsub,TColExpandSubTest.case_fp32_18_32_1_32,a2a3,float,float,18,32,18,32,2203,576,0.261462,4,1.045848
tcolexpandsub,TColExpandSubTest.case_fp16_10_256_1_256,a2a3,half,half,10,256,10,256,2297,2560,1.114497,2,2.228994
tcolexpandsub,TColExpandSubTest.case_fp16_12_64_1_64,a2a3,half,half,12,64,12,64,2304,768,0.333333,2,0.666666
tcolmax,TCOLMAXTest.case1,a2a3,int16,int16,1,16,1,16,1868,16,0.008565,2,0.017130
tcolmax,TCOLMAXTest.case2,a2a3,int32,int32,1,16,1,16,1992,16,0.008032,4,0.032128
tcolmax,TCOLMAXTest.case3,a2a3,float,float,1,16,1,16,1877,16,0.008524,4,0.034096
tcolmax,TCOLMAXTest.case4,a2a3,int16,int16,1,128,1,128,1981,128,0.064614,2,0.129228
tcolmax,TCOLMAXTest.case5,a2a3,int32,int32,1,64,1,64,2118,64,0.030217,4,0.120868
tcolmax,TCOLMAXTest.case6,a2a3,float,float,1,64,1,64,2126,64,0.030103,4,0.120412
tcolmax,TCOLMAXTest.case7,a2a3,int16,int16,1,512,1,512,2102,512,0.243578,2,0.487156
tcolmax,TCOLMAXTest.case8,a2a3,int32,int32,1,256,1,256,2089,256,0.122547,4,0.490188
tcolmax,TCOLMAXTest.case9,a2a3,float,float,1,256,1,256,2085,256,0.122782,4,0.491128
tcolmax,TCOLMAXTest.case10,a2a3,int16,int16,1,512,1,512,2168,512,0.236162,2,0.472324
tcolmax,TCOLMAXTest.case11,a2a3,int32,int32,1,256,1,256,3027,256,0.084572,4,0.338288
tcolmax,TCOLMAXTest.case12,a2a3,float,float,1,256,1,256,3031,256,0.084461,4,0.337844
tcolmax,TCOLMAXTest.case13,a2a3,float,float,1,256,1,256,1787,256,0.143257,4,0.573028
tcolmin,TCOLMINTest.case1,a2a3,int16,int16,1,16,1,16,1870,16,0.008556,2,0.017112
tcolmin,TCOLMINTest.case2,a2a3,int32,int32,1,16,1,16,1888,16,0.008475,4,0.033900
tcolmin,TCOLMINTest.case3,a2a3,float,float,1,16,1,16,2018,16,0.007929,4,0.031716
tcolmin,TCOLMINTest.case4,a2a3,int16,int16,1,128,1,128,2115,128,0.06052,2,0.121040
tcolmin,TCOLMINTest.case5,a2a3,int32,int32,1,64,1,64,2103,64,0.030433,4,0.121732
tcolmin,TCOLMINTest.case6,a2a3,float,float,1,64,1,64,2102,64,0.030447,4,0.121788
tcolmin,TCOLMINTest.case7,a2a3,int16,int16,1,512,1,512,2213,512,0.23136,2,0.462720
tcolmin,TCOLMINTest.case8,a2a3,int32,int32,1,256,1,256,2215,256,0.115576,4,0.462304
tcolmin,TCOLMINTest.case9,a2a3,float,float,1,256,1,256,2085,256,0.122782,4,0.491128
tcolmin,TCOLMINTest.case10,a2a3,int16,int16,1,512,1,512,2170,512,0.235945,2,0.471890
tcolmin,TCOLMINTest.case11,a2a3,int32,int32,1,256,1,256,2914,256,0.087852,4,0.351408
tcolmin,TCOLMINTest.case12,a2a3,float,float,1,256,1,256,2909,256,0.088003,4,0.352012
tcolmin,TCOLMINTest.case13,a2a3,float,float,1,256,1,256,1769,256,0.144715,4,0.578860
tcolprod,TCOLPRODTest.case1,a2a3,int16,int16,1,16,1,16,1996,16,0.008016,2,0.016032
tcolprod,TCOLPRODTest.case2,a2a3,int32,int32,1,16,1,16,1999,16,0.008004,4,0.032016
tcolprod,TCOLPRODTest.case3,a2a3,float,float,1,16,1,16,1972,16,0.008114,4,0.032456
tcolprod,TCOLPRODTest.case4,a2a3,int16,int16,1,128,1,128,2007,128,0.063777,2,0.127554
tcolprod,TCOLPRODTest.case5,a2a3,int32,int32,1,64,1,64,2124,64,0.030132,4,0.120528
tcolprod,TCOLPRODTest.case6,a2a3,float,float,1,64,1,64,2102,64,0.030447,4,0.121788
tcolprod,TCOLPRODTest.case7,a2a3,int16,int16,1,512,1,512,2090,512,0.244976,2,0.489952
tcolprod,TCOLPRODTest.case8,a2a3,int32,int32,1,256,1,256,2109,256,0.121385,4,0.485540
tcolprod,TCOLPRODTest.case9,a2a3,float,float,1,256,1,256,2106,256,0.121557,4,0.486228
tcolprod,TCOLPRODTest.case10,a2a3,int16,int16,1,512,1,512,2044,512,0.250489,2,0.500978
tcolprod,TCOLPRODTest.case11,a2a3,int32,int32,1,256,1,256,3045,256,0.084072,4,0.336288
tcolprod,TCOLPRODTest.case12,a2a3,float,float,1,256,1,256,3026,256,0.0846,4,0.338400
tcolprod,TCOLPRODTest.case13,a2a3,float,float,1,256,1,256,1869,256,0.136972,4,0.547888
tcolprod,TCOLPRODTest.case14,a2a3,half,half,1,256,1,256,1759,256,0.145537,2,0.291074
tcolprod,TCOLPRODTest.case15,a2a3,half,half,1,64,1,64,1774,64,0.036077,2,0.072154
tcolprod,TCOLPRODTest.case16,a2a3,half,half,1,16,1,16,1994,16,0.008024,2,0.016048
tcolsum,TCOLSUMTest.case1,a2a3,int16,int16,1,16,1,16,2002,16,0.007992,2,0.015984
tcolsum,TCOLSUMTest.case2,a2a3,int32,int32,1,16,1,16,1900,16,0.008421,4,0.033684
tcolsum,TCOLSUMTest.case3,a2a3,float,float,1,16,1,16,1983,16,0.008069,4,0.032276
tcolsum,TCOLSUMTest.case4,a2a3,int16,int16,1,128,1,128,2112,128,0.060606,2,0.121212
tcolsum,TCOLSUMTest.case5,a2a3,int32,int32,1,64,1,64,1964,64,0.032587,4,0.130348
tcolsum,TCOLSUMTest.case6,a2a3,float,float,1,64,1,64,1983,64,0.032274,4,0.129096
tcolsum,TCOLSUMTest.case7,a2a3,int16,int16,1,512,1,512,2222,512,0.230423,2,0.460846
tcolsum,TCOLSUMTest.case8,a2a3,int32,int32,1,256,1,256,2083,256,0.1229,4,0.491600
tcolsum,TCOLSUMTest.case9,a2a3,float,float,1,256,1,256,2193,256,0.116735,4,0.466940
tcolsum,TCOLSUMTest.case10,a2a3,int16,int16,1,512,1,512,2118,512,0.241737,2,0.483474
tcolsum,TCOLSUMTest.case11,a2a3,int32,int32,1,256,1,256,3045,256,0.084072,4,0.336288
tcolsum,TCOLSUMTest.case12,a2a3,float,float,1,256,1,256,3021,256,0.08474,4,0.338960
tcolsum,TCOLSUMTest.case13,a2a3,float,float,1,256,1,256,1761,256,0.145372,4,0.581488
tcolsum,TCOLSUMTest.case14,a2a3,int16,int16,1,16,1,16,2023,16,0.007909,2,0.015818
tcolsum,TCOLSUMTest.case15,a2a3,int32,int32,1,16,1,16,1899,16,0.008425,4,0.033700
tcolsum,TCOLSUMTest.case16,a2a3,float,float,1,16,1,16,2010,16,0.00796,4,0.031840
tcolsum,TCOLSUMTest.case17,a2a3,int16,int16,1,128,1,128,1965,128,0.06514,2,0.130280
tcolsum,TCOLSUMTest.case18,a2a3,int32,int32,1,64,1,64,1996,64,0.032064,4,0.128256
tcolsum,TCOLSUMTest.case19,a2a3,float,float,1,64,1,64,1903,64,0.033631,4,0.134524
tcolsum,TCOLSUMTest.case20,a2a3,int16,int16,1,512,1,512,2068,512,0.247582,2,0.495164
tcolsum,TCOLSUMTest.case21,a2a3,int32,int32,1,256,1,256,2100,256,0.121905,4,0.487620
tcolsum,TCOLSUMTest.case22,a2a3,float,float,1,256,1,256,2126,256,0.120414,4,0.481656
tcolsum,TCOLSUMTest.case23,a2a3,int16,int16,1,512,1,512,2093,512,0.244625,2,0.489250
tcolsum,TCOLSUMTest.case24,a2a3,int32,int32,1,256,1,256,2552,256,0.100313,4,0.401252
tcolsum,TCOLSUMTest.case25,a2a3,float,float,1,256,1,256,2536,256,0.100946,4,0.403784
tcolsum,TCOLSUMTest.case26,a2a3,float,float,1,256,1,256,1934,256,0.132368,4,0.529472
tconcat,TCONCATTest.case_float_64x128_64x64_64x64_64x64_64x64,a2a3,float,float,64,128,64,128,3536,8192,2.316742,4,9.266968
tconcat,TCONCATTest.case_int32_64x128_64x64_64x64_64x64_64x64,a2a3,int32,int32,64,128,64,128,3542,8192,2.312818,4,9.251272
tconcat,TCONCATTest.case_half_16x256_16x128_16x128_16x128_16x128,a2a3,half,half,16,256,16,256,2101,4096,1.949548,2,3.899096
tconcat,TCONCATTest.case_float_16x64_16x32_16x32_16x32_16x32,a2a3,float,float,16,64,16,64,1857,1024,0.551427,4,2.205708
tconcat,TCONCATTest.case_int16_32x256_32x128_32x128_32x128_32x128,a2a3,int16,int16,32,256,32,256,2450,8192,3.343673,2,6.687346
tconcat,TCONCATTest.case_half_16x128_16x64_16x64_16x63_16x64,a2a3,half,half,16,128,16,127,24154,2032,0.084127,2,0.168254
tconcat,TCONCATTest.case_float_16x64_16x32_16x32_16x31_16x32,a2a3,float,float,16,64,16,63,12100,1008,0.083306,4,0.333224
tconcat,TCONCATTest.case_int16_32x256_32x128_32x128_32x127_32x128,a2a3,int16,int16,32,256,32,255,83734,8160,0.097451,2,0.194902
tconcatidx,TCONCATTest.case_int16_16x32_16x16_16x16_8x16_8x16,a2a3,int16,int16,16,32,8,32,4332,256,0.059095,2,0.118190
tconcatidx,TCONCATTest.case_int32_64x128_64x64_64x64_64x64_64x64,a2a3,int32,int32,64,128,64,128,52008,8192,0.157514,4,0.630056
tconcatidx,TCONCATTest.case_half_16x256_16x128_16x128_16x128_16x128,a2a3,half,half,16,256,16,256,24244,4096,0.168949,2,0.337898
tconcatidx,TCONCATTest.case_float_16x64_16x32_16x32_16x32_16x32,a2a3,float,float,16,64,16,64,7878,1024,0.129982,4,0.519928
tconcatidx,TCONCATTest.case_int16_32x256_32x128_32x128_32x128_32x128,a2a3,int16,int16,32,256,32,256,45168,8192,0.181367,2,0.362734
tcvt,TCVTTest.nonsattorch_fp16_int8_1x32,a2a3,fp16,int8,1,32,1,32,2028,32,0.015779,2,0.031558
tcvt,TCVTTest.nonsattorch_fp16_int8_2x64,a2a3,fp16,int8,2,64,2,64,1985,128,0.064484,2,0.128968
tcvt,TCVTTest.nonsattorch_fp16_int8_8x128,a2a3,fp16,int8,8,128,8,128,2646,1024,0.386999,2,0.773998
tcvt,TCVTTest.nonsattorch_fp16_int16_1x32,a2a3,fp16,int16,1,32,1,32,1956,32,0.01636,2,0.032720
tcvt,TCVTTest.nonsattorch_fp32_int16_1x32,a2a3,fp32,int16,1,32,1,32,1934,32,0.016546,4,0.066184
tcvt,TCVTTest.nonsattorch_fp16_int8_4x128_4x65,a2a3,int8,4x128,4,65,4,65,3022,260,0.086036,1,0.086036
tcvt,TCVTTest.nonsattorch_fp16_int8_2x32_2x16,a2a3,int8,2x32,2,16,2,16,2998,32,0.010674,1,0.010674
tcvt,TCVTTest.nonsattorch_fp16_int16_4x128_4x65,a2a3,int16,4x128,4,65,4,65,1899,260,0.136914,2,0.273828
tcvt,TCVTTest.nonsattorch_fp32_int16_4x128_4x65,a2a3,int16,4x128,4,65,4,65,2137,260,0.121666,2,0.243332
tdiv,TDIVTest.case_float_64x64_64x64_64x64,a2a3,float,float,64,64,64,64,2825,4096,1.449912,4,5.799648
tdiv,TDIVTest.case_half_64x64_64x64_64x64,a2a3,half,half,64,64,64,64,2599,4096,1.575991,2,3.151982
tdiv,TDIVTest.case_half_61x61_64x64_61x61,a2a3,half,half,61,61,61,61,4113,3721,0.904692,2,1.809384
tdiv,TDIVTest.case_float_60x30_64x32_60x30,a2a3,float,float,60,30,60,30,3805,1800,0.473062,4,1.892248
tdiv,TDIVTest.case_float_32x32_32x32_32x32,a2a3,float,float,32,32,32,32,1996,1024,0.513026,4,2.052104
texp,TEXPTest.case_float_64x64_64x64_64x64_inPlace_True,a2a3,float,float,64,64,64,64,2155,4096,1.900696,4,7.602784
texp,TEXPTest.case_float_64x64_64x64_64x64_inPlace_False,a2a3,float,float,64,64,64,64,2160,4096,1.896296,4,7.585184
texp,TEXPTest.case_half_64x64_64x64_64x64_inPlace_True,a2a3,half,half,64,64,64,64,2067,4096,1.981616,2,3.963232
texpands,TEXPANDSTest.case_float_64x64_64x64_64x64_PAD_VALUE_NULL,a2a3,float,float,64,64,64,64,1921,4096,2.132223,4,8.528892
texpands,TEXPANDSTest.case_int32_64x64_64x64_64x64_PAD_VALUE_NULL,a2a3,int32,int32,64,64,64,64,2044,4096,2.003914,4,8.015656
texpands,TEXPANDSTest.case_half_64x64_64x64_64x64_PAD_VALUE_NULL,a2a3,half,half,64,64,64,64,2047,4096,2.000977,2,4.001954
texpands,TEXPANDSTest.case_int16_64x64_64x64_64x64_PAD_VALUE_NULL,a2a3,int16,int16,64,64,64,64,1905,4096,2.150131,2,4.300262
texpands,TEXPANDSTest.case_float_60x60_64x64_60x60_PAD_VALUE_MAX,a2a3,float,float,60,60,60,60,2617,3600,1.375621,4,5.502484
texpands,TEXPANDSTest.case_int32_60x60_64x64_60x60_PAD_VALUE_MAX,a2a3,int32,int32,60,60,60,60,2480,3600,1.451613,4,5.806452
texpands,TEXPANDSTest.case_half_1x3600_2x4096_1x3600_PAD_VALUE_MAX,a2a3,half,half,1,3600,1,3600,1466,3600,2.455662,2,4.911324
texpands,TEXPANDSTest.case_int16_16x200_20x512_16x200_PAD_VALUE_MAX,a2a3,int16,int16,16,200,16,200,1790,3200,1.787709,2,3.575418
texpands,TEXPANDSTest.case_int8_16x200_20x512_16x200_PAD_VALUE_MAX,a2a3,int8,int8,16,200,16,200,1660,3200,1.927711,1,1.927711
tfillpad,TFILLPADTest.case_float_GT_128_127_VT_128_128_BLK1_PADMAX_PADMAX,a2a3,float,float,128,128,128,127,16010,16256,1.015365,4,4.061460
tfillpad,TFILLPADTest.case_float_GT_128_127_VT_128_160_BLK1_PADMAX_PADMAX,a2a3,float,float,128,160,128,127,15990,16256,1.016635,4,4.066540
tfillpad,TFILLPADTest.case_float_GT_128_127_VT_128_160_BLK1_PADMIN_PADMAX,a2a3,float,float,128,160,128,127,16193,16256,1.003891,4,4.015564
tfillpad,TFILLPADTest.case_float_GT_260_7_VT_260_16_BLK1_PADMIN_PADMAX,a2a3,float,float,260,16,260,7,15077,1820,0.120714,4,0.482856
tfillpad,TFILLPADTest.case_float_GT_260_7_VT_260_16_BLK1_PADMIN_PADMAX_INPLACE,a2a3,float,float,260,16,260,7,15119,1820,0.120378,4,0.481512
tfillpad,TFILLPADTest.case_u16_GT_260_7_VT_260_32_BLK1_PADMIN_PADMAX,a2a3,u16,u16,260,32,260,7,15065,1820,0.12081,2,0.241620
tfillpad,TFILLPADTest.case_s8_GT_260_7_VT_260_64_BLK1_PADMIN_PADMAX,a2a3,s8,s8,260,64,260,7,20825,1820,0.087395,1,0.087395
tfillpad,TFILLPADTest.case_u16_GT_259_7_VT_260_32_BLK1_PADMIN_PADMAX_EXPAND,a2a3,u16,u16,260,32,259,7,14886,1813,0.121792,2,0.243584
tfillpad,TFILLPADTest.case_s8_GT_259_7_VT_260_64_BLK1_PADMIN_PADMAX_EXPAND,a2a3,s8,s8,260,64,259,7,20611,1813,0.087963,1,0.087963
tfillpad,TFILLPADTest.case_s16_GT_260_7_VT_260_32_BLK1_PADMIN_PADMIN,a2a3,s16,s16,260,32,260,7,14914,1820,0.122033,2,0.244066
tfillpad,TFILLPADTest.case_s32_GT_260_7_VT_260_32_BLK1_PADMIN_PADMIN,a2a3,s32,s32,260,32,260,7,14901,1820,0.122139,4,0.488556
tfillpad,TFILLPADTest.case_float_GT_128_64_VT_128_128_PADCUSTOM_NEG1,a2a3,float,float,128,128,128,64,14073,8192,0.582108,4,2.328432
tfillpad,TFILLPADTest.case_float_GT_128_127_VT_128_160_BLK1_PADCUSTOM_NEG1_PADCUSTOM_NEG1,a2a3,float,float,128,160,128,127,16204,16256,1.003209,4,4.012836
tfmod,TFMODTest.case_float_16x64_16x128_16x128_16x64,a2a3,float,float,16,64,16,64,3602,1024,0.284287,4,1.137148
tfmod,TFMODTest.case_float_16x32_16x64_16x32_16x32,a2a3,float,float,16,32,16,32,3447,512,0.148535,4,0.594140
tfmod,TFMODTest.case_float_16x64_16x128_16x128_16x63,a2a3,float,float,16,64,16,63,3921,1008,0.257077,4,1.028308
tfmod,TFMODTest.case_float_2x32_2x64_2x32_2x31,a2a3,float,float,2,32,2,31,2078,62,0.029836,4,0.119344
tfmod,TFMODTest.case_float_1x8192_1x8192_1x8192_1x8192,a2a3,float,float,1,8192,1,8192,3884,8192,2.109166,4,8.436664
tgather,TGATHERTest.case_1D_float_32x1024_16x64,a2a3,1D_float,1D_float,32,1024,16,64,4202,1024,0.243693,4,0.974772
tgather,TGATHERTest.case_1D_int32_32x512_16x256,a2a3,1D_int32,1D_int32,32,512,16,256,4593,4096,0.891792,4,3.567168
tgather,TGATHERTest.case_1D_half_16x1024_16x128,a2a3,1D_half,1D_half,16,1024,16,128,3454,2048,0.592936,2,1.185872
tgather,TGATHERTest.case_1D_int16_32x256_32x64,a2a3,1D_int16,1D_int16,32,256,32,64,3864,2048,0.530021,2,1.060042
tgather,TGATHERTest.case_1D_half_1x16_1x16,a2a3,1D_half,1D_half,1,16,1,16,1907,16,0.00839,2,0.016780
tgather,TGATHERTest.case_1D_half_1x32_1x32,a2a3,1D_half,1D_half,1,32,1,32,1781,32,0.017967,2,0.035934
tgather,TGATHERTest.case_1D_half_1x64_1x64,a2a3,1D_half,1D_half,1,64,1,64,1913,64,0.033455,2,0.066910
tgather,TGATHERTest.case_1D_half_1x128_1x128,a2a3,1D_half,1D_half,1,128,1,128,2031,128,0.063023,2,0.126046
tgather,TGATHERTest.case_1D_half_1x128_1x64,a2a3,1D_half,1D_half,1,128,1,64,1793,64,0.035694,2,0.071388
tgather,TGATHERTest.case_1D_float_1024x16_1024x16,a2a3,1D_float,1D_float,1024,16,1024,16,52684,16384,0.310986,4,1.243944
tgather,TGATHERTest.case_1D_float_16x16_32x32,a2a3,1D_float,1D_float,16,16,32,32,3271,1024,0.313054,4,1.252216
tgather,TGATHERTest.case_1D_half_16x16_32x32,a2a3,1D_half,1D_half,16,16,32,32,3655,1024,0.280164,2,0.560328
tgatherb,TGATHERBTest.case_float_2x128_2x16_2x128,a2a3,float,float,2,128,2,128,1901,256,0.134666,4,0.538664
tgatherb,TGATHERBTest.case_int32_2x128_2x16_2x128,a2a3,int32,int32,2,128,2,128,1768,256,0.144796,4,0.579184
tgatherb,TGATHERBTest.case_uint32_2x128_2x16_2x128,a2a3,uint32,uint32,2,128,2,128,1768,256,0.144796,4,0.579184
tgatherb,TGATHERBTest.case_int16_1x32768_1x2048_1x32768,a2a3,int16,int16,1,32768,1,32768,3656,32768,8.962801,2,17.925602
tgatherb,TGATHERBTest.case_uint16_257x128_257x8_257x128,a2a3,uint16,uint16,257,128,257,128,8246,32896,3.989328,2,7.978656
tgatherb,TGATHERBTest.case_int8_2x256_2x8_2x256,a2a3,int8,int8,2,256,2,256,1761,512,0.290744,1,0.290744
tgatherb,TGATHERBTest.case_int8_2x32768_2x1024_2x32768,a2a3,int8,int8,2,32768,2,32768,3673,65536,17.842635,1,17.842635
tgatherb,TGATHERBTest.case_uint8_2x32768_2x1024_2x32768,a2a3,uint8,uint8,2,32768,2,32768,3686,65536,17.779707,1,17.779707
tload,TLOADTest.case_float_GT_128_128_VT_128_128_BLK1,a2a3,float,float,128,128,128,128,14061,16384,1.165209,4,4.660836
tload,TLOADTest.case_float_GT_2_2_2_256_64_VT_256_64_BLK8,a2a3,float,float,256,64,256,64,16579,16384,0.988238,4,3.952952
tload,TLOADTest.case_float_GT_128_127_VT_128_128_BLK1_PADMAX,a2a3,float,float,128,128,128,127,16196,16256,1.003705,4,4.014820
tload,TLOADTest.case_s16_GT_128_127_VT_128_128_BLK1_PADMAX,a2a3,s16,s16,128,128,128,127,15252,16256,1.065827,2,2.131654
tload,TLOADTest.case_u8_GT_128_127_VT_128_128_BLK1_PADMIN,a2a3,u8,u8,128,128,128,127,14768,16256,1.100758,1,1.100758
tload,TLOADTest.case_float_GT_32_64_128_VT_64_128_BLK32_DYN,a2a3,float,float,64,128,64,128,14061,8192,0.582604,4,2.330416
tload,TLOADTest.case_float_GT_32_64_128_VT_64_128_BLK32_STC,a2a3,float,float,64,128,64,128,14201,8192,0.576861,4,2.307444
tload,TLOADTest.case_float_GT_2_2_2_256_60_VT_256_64_BLK8_PADMAX,a2a3,float,float,256,64,256,60,21404,15360,0.717623,4,2.870492
tload,TLOADTest.case_int64_GT_128_128_VT_128_128_BLK1,a2a3,int64,int64,128,128,128,128,14998,16384,1.092412,8,8.739296
tload,TLOADTest.case_uint64_GT_128_125_VT_128_128_BLK1_PADZERO,a2a3,uint64,uint64,128,128,128,125,16778,16000,0.95363,8,7.629040
tload,TLOADTest.case_int64_GT_2_2_2_256_62_VT_256_64_BLK8_PADZERO,a2a3,int64,int64,256,64,256,62,24502,15872,0.647784,8,5.182272
tload,TLOADTest.case_uint64_GT_2_2_2_256_64_VT_256_64_BLK8,a2a3,uint64,uint64,256,64,256,64,16488,16384,0.993692,8,7.949536
tlog,TLOGTest.case_float_64x64_64x64_64x64_inPlace_True,a2a3,float,float,64,64,64,64,2296,4096,1.783972,4,7.135888
tlog,TLOGTest.case_float_64x64_64x64_64x64_inPlace_False,a2a3,float,float,64,64,64,64,2150,4096,1.905116,4,7.620464
tlog,TLOGTest.case_half_64x64_64x64_64x64_inPlace_True,a2a3,half,half,64,64,64,64,2080,4096,1.969231,2,3.938462
tlog,TLOGTest.case_half_64x64_64x64_64x64_inPlace_False,a2a3,half,half,64,64,64,64,2169,4096,1.888428,2,3.776856
tmin,TMINTest.case_float_64x64_64x64_64x64_PAD_VALUE_NULL,a2a3,float,float,64,64,64,64,2470,4096,1.6583,4,6.633200
tmin,TMINTest.case_int32_64x64_64x64_64x64_PAD_VALUE_NULL,a2a3,int32,int32,64,64,64,64,2599,4096,1.575991,4,6.303964
tmin,TMINTest.case_half_64x64_64x64_64x64_PAD_VALUE_NULL,a2a3,half,half,64,64,64,64,2518,4096,1.626688,2,3.253376
tmin,TMINTest.case_int16_64x64_64x64_64x64_PAD_VALUE_NULL,a2a3,int16,int16,64,64,64,64,2497,4096,1.640368,2,3.280736
tmin,TMINTest.case_float_60x60_64x64_60x60_PAD_VALUE_MIN,a2a3,float,float,60,60,60,60,4920,3600,0.731707,4,2.926828
tmin,TMINTest.case_int32_60x60_64x64_60x60_PAD_VALUE_MIN,a2a3,int32,int32,60,60,60,60,4808,3600,0.748752,4,2.995008
tmin,TMINTest.case_half_1x3600_2x4096_1x3600_PAD_VALUE_MIN,a2a3,half,half,1,3600,1,3600,2170,3600,1.658986,2,3.317972
tmin,TMINTest.case_int16_16x200_20x512_16x200_PAD_VALUE_MIN,a2a3,int16,int16,16,200,16,200,2697,3200,1.186504,2,2.373008
tmins,TMINSTest.case_float_64x64_PAD_VALUE_NULL,a2a3,float,float,64,64,64,64,2612,4096,1.568147,4,6.272588
tmins,TMINSTest.case_int32_64x64_PAD_VALUE_NULL,a2a3,int32,int32,64,64,64,64,2475,4096,1.654949,4,6.619796
tmins,TMINSTest.case_half_64x64_PAD_VALUE_NULL,a2a3,half,half,64,64,64,64,2354,4096,1.740017,2,3.480034
tmins,TMINSTest.case_int16_64x64_PAD_VALUE_NULL,a2a3,int16,int16,64,64,64,64,2360,4096,1.735593,2,3.471186
tmins,TMINSTest.case_float_60x60_PAD_VALUE_MIN,a2a3,float,float,60,60,60,60,3887,3600,0.926164,4,3.704656
tmins,TMINSTest.case_int32_60x60_PAD_VALUE_MIN,a2a3,int32,int32,60,60,60,60,3894,3600,0.924499,4,3.697996
tmins,TMINSTest.case_half_1x3600_PAD_VALUE_MIN,a2a3,half,half,1,3600,1,3600,2082,3600,1.729107,2,3.458214
tmins,TMINSTest.case_int16_16x200_PAD_VALUE_MIN,a2a3,int16,int16,16,200,16,200,2504,3200,1.277955,2,2.555910
tmul,TMULTest.case_float_64x64_64x64_64x64,a2a3,float,float,64,64,64,64,2706,4096,1.513673,4,6.054692
tmul,TMULTest.case_int32_64x64_64x64_64x64,a2a3,int32,int32,64,64,64,64,2498,4096,1.639712,4,6.558848
tmul,TMULTest.case_half_16x16_16x16_16x16,a2a3,half,half,16,16,16,16,2008,256,0.12749,2,0.254980
tmul,TMULTest.case_int16_64x64_64x64_64x64,a2a3,int16,int16,64,64,64,64,2375,4096,1.724632,2,3.449264
tmul,TMULTest.case_half_61x61_64x64_61x61,a2a3,half,half,61,61,61,61,3909,3721,0.951906,2,1.903812
tmul,TMULTest.case_int32_60x30_64x32_60x30,a2a3,int32,int32,60,30,60,30,3919,1800,0.459301,4,1.837204
tmul,TMULTest.case_int32_32x32_32x32_32x32,a2a3,int32,int32,32,32,32,32,2096,1024,0.48855,4,1.954200
tneg,TNEGTest.case_float_64x64_64x64,a2a3,float,float,64,64,64,64,2211,4096,1.852555,4,7.410220
tneg,TNEGTest.case_int32_32x32_32x32,a2a3,int32,int32,32,32,32,32,1974,1024,0.518744,4,2.074976
tneg,TNEGTest.case_half_32x64_32x64,a2a3,half,half,32,64,32,64,1970,2048,1.039594,2,2.079188
tneg,TNEGTest.case_int16_64x16_64x16,a2a3,int16,int16,64,16,64,16,1986,1024,0.515609,2,1.031218
tnot,TNOTTest.case_int16_64x64_64x64_64x64,a2a3,int16,int16,64,64,64,64,1994,4096,2.054162,2,4.108324
tnot,TNOTTest.case_uint16_60x60_64x64_60x60,a2a3,uint16,uint16,60,60,60,60,3087,3600,1.166181,2,2.332362
tnot,TNOTTest.case_int8_64x64_64x64_64x64,a2a3,int8,int8,64,64,64,64,1986,4096,2.062437,1,2.062437
tnot,TNOTTest.case_uint8_60x60_64x64_60x60,a2a3,uint8,uint8,60,60,60,60,3019,3600,1.192448,1,1.192448
tors,TORSTest.case_int16_64x64_64x64_64x64,a2a3,int16,int16,64,64,64,64,2077,4096,1.972075,2,3.944150
tors,TORSTest.case_int16_32x128_32x128_32x128,a2a3,int16,int16,32,128,32,128,2061,4096,1.987385,2,3.974770
tors,TORSTest.case_int16_32x112_32x128_32x111,a2a3,int16,int16,32,112,32,111,2660,3552,1.335338,2,2.670676
tors,TORSTest.case_uint16_64x64_64x64_64x64,a2a3,uint16,uint16,64,64,64,64,2102,4096,1.94862,2,3.897240
tors,TORSTest.case_uint16_32x128_32x128_32x128,a2a3,uint16,uint16,32,128,32,128,2117,4096,1.934813,2,3.869626
tors,TORSTest.case_uint16_32x112_32x128_32x111,a2a3,uint16,uint16,32,112,32,111,2559,3552,1.388042,2,2.776084
tpartadd,TPARTADDTest.case_float_64x64_64x64_64x64,a2a3,float,float,64,64,64,64,2484,4096,1.648953,4,6.595812
tpartadd,TPARTADDTest.case_float_64x64_8x64_64x64,a2a3,float,float,64,64,64,64,2277,4096,1.798858,4,7.195432
tpartadd,TPARTADDTest.case_float_64x64_64x8_64x64,a2a3,float,float,64,64,64,64,2634,4096,1.555049,4,6.220196
tpartadd,TPARTADDTest.case_float_64x64_64x64_8x64,a2a3,float,float,64,64,8,64,2409,512,0.212536,4,0.850144
tpartadd,TPARTADDTest.case_float_64x64_64x64_64x8,a2a3,float,float,64,64,64,8,2585,512,0.198066,4,0.792264
tpartadd,TPARTADDTest.case_half_8x48_8x16_8x48,a2a3,half,half,8,48,8,48,1912,384,0.200837,2,0.401674
tpartadd,TPARTADDTest.case_half_8x768_8x512_8x768,a2a3,half,half,8,768,8,768,2101,6144,2.924322,2,5.848644
tpartadd,TPARTADDTest.case_int16_8x48_8x48_8x16,a2a3,int16,int16,8,48,8,16,1917,128,0.066771,2,0.133542
tpartadd,TPARTADDTest.case_int32_64x64_8x64_64x64,a2a3,int32,int32,64,64,64,64,2408,4096,1.700997,4,6.803988
tpartmul,TPARTMULTest.case_float_64x64_64x64_64x64,a2a3,float,float,64,64,64,64,2587,4096,1.583301,4,6.333204
tpartmul,TPARTMULTest.case_float_64x64_8x64_64x64,a2a3,float,float,64,64,64,64,2407,4096,1.701703,4,6.806812
tpartmul,TPARTMULTest.case_float_64x64_64x8_64x64,a2a3,float,float,64,64,64,64,2473,4096,1.656288,4,6.625152
tpartmul,TPARTMULTest.case_float_64x64_64x64_8x64,a2a3,float,float,64,64,8,64,2419,512,0.211658,4,0.846632
tpartmul,TPARTMULTest.case_float_64x64_64x64_64x8,a2a3,float,float,64,64,64,8,2633,512,0.194455,4,0.777820
tpartmul,TPARTMULTest.case_half_8x48_8x16_8x48,a2a3,half,half,8,48,8,48,1767,384,0.217317,2,0.434634
tpartmul,TPARTMULTest.case_half_8x768_8x512_8x768,a2a3,half,half,8,768,8,768,2112,6144,2.909091,2,5.818182
tpartmul,TPARTMULTest.case_int16_8x48_8x48_8x16,a2a3,int16,int16,8,48,8,16,1771,128,0.072276,2,0.144552
tpartmul,TPARTMULTest.case_int32_64x64_8x64_64x64,a2a3,int32,int32,64,64,64,64,2393,4096,1.711659,4,6.846636
tquant,TQUANTTEST.case_int8_sym_fp32_64x128_nd,a2a3,fp32,int8,64,128,64,128,4754,8192,1.72318,4,6.892720
tquant,TQUANTTEST.case_int8_sym_fp32_128x128_nd,a2a3,fp32,int8,128,128,128,128,7921,16384,2.068426,4,8.273704
tquant,TQUANTTEST.case_int8_sym_fp32_256x128_nd,a2a3,fp32,int8,256,128,256,128,14798,32768,2.214353,4,8.857412
tquant,TQUANTTEST.case_int8_asym_fp32_64x128_nd,a2a3,fp32,int8,64,128,64,128,4945,8192,1.656623,4,6.626492
tquant,TQUANTTEST.case_int8_asym_fp32_128x128_nd,a2a3,fp32,int8,128,128,128,128,8494,16384,1.928891,4,7.715564
tquant,TQUANTTEST.case_int8_asym_fp32_256x128_nd,a2a3,fp32,int8,256,128,256,128,16086,32768,2.037051,4,8.148204
trecip,TRECIPTest.case_float_64x64_64x64_64x64_inPlace_False,a2a3,float,float,64,64,64,64,2372,4096,1.726813,4,6.907252
trecip,TRECIPTest.case_half_64x64_64x64_64x64_inPlace_False,a2a3,half,half,64,64,64,64,2395,4096,1.71023,2,3.420460
trem,TREMTest.case_float_16x64_16x128_16x128_16x64,a2a3,float,float,16,64,16,64,5153,1024,0.198719,4,0.794876
trem,TREMTest.case_float_16x32_16x64_16x32_16x32,a2a3,float,float,16,32,16,32,4890,512,0.104703,4,0.418812
trem,TREMTest.case_int32_4x32_4x32_4x32_4x32,a2a3,int32,int32,4,32,4,32,2894,128,0.044229,4,0.176916
trem,TREMTest.case_int32_16x32_16x64_16x32_16x32,a2a3,int32,int32,16,32,16,32,5597,512,0.091478,4,0.365912
trem,TREMTest.case_float_16x64_16x128_16x128_16x63,a2a3,float,float,16,64,16,63,5566,1008,0.1811,4,0.724400
trem,TREMTest.case_float_2x32_2x64_2x32_2x31,a2a3,float,float,2,32,2,31,2385,62,0.025996,4,0.103984
trem,TREMTest.case_int32_16x32_16x64_16x32_16x31,a2a3,int32,int32,16,32,16,31,6660,496,0.074474,4,0.297896
trem,TREMTest.case_float_1x8192_1x8192_1x8192_1x8192,a2a3,float,float,1,8192,1,8192,4775,8192,1.715602,4,6.862408
trsqrt,TRSQRTTest.case_float_64x64_64x64_64x64_inPlace_True,a2a3,float,float,64,64,64,64,3081,4096,1.329438,4,5.317752
trsqrt,TRSQRTTest.case_float_64x64_64x64_64x64_inPlace_False,a2a3,float,float,64,64,64,64,2566,4096,1.596259,4,6.385036
trsqrt,TRSQRTTest.case_half_64x64_64x64_64x64_inPlace_True,a2a3,half,half,64,64,64,64,2983,4096,1.373114,2,2.746228
trsqrt,TRSQRTTest.case_half_64x64_64x64_64x64_inPlace_False,a2a3,half,half,64,64,64,64,2368,4096,1.72973,2,3.459460
tsels,TSELSTest.case_uint16_uint8_2x16_2x32_2x16_2x16,a2a3,uint16_uint8,uint16_uint8,2,16,2,16,1939,32,0.016503,3,0.049509
tsels,TSELSTest.case_uint16_uint16_2x16_2x16_2x16_2x16,a2a3,uint16_uint16,uint16_uint16,2,16,2,16,1935,32,0.016537,4,0.066148
tsels,TSELSTest.case_uint16_uint32_2x16_2x8_2x16_2x16,a2a3,uint16_uint32,uint16_uint32,2,16,2,16,1921,32,0.016658,6,0.099948
tsels,TSELSTest.case_uint32_uint8_2x8_2x32_2x8_2x8,a2a3,uint32_uint8,uint32_uint8,2,8,2,8,1811,16,0.008835,5,0.044175
tsels,TSELSTest.case_uint32_uint16_2x8_2x16_2x8_2x8,a2a3,uint32_uint16,uint32_uint16,2,8,2,8,1790,16,0.008939,6,0.053634
tsels,TSELSTest.case_uint32_uint32_2x8_2x8_2x8_2x8,a2a3,uint32_uint32,uint32_uint32,2,8,2,8,1778,16,0.008999,8,0.071992
tsels,TSELSTest.case_half_uint8_2x16_2x32_2x16_2x16,a2a3,half_uint8,half_uint8,2,16,2,16,1918,32,0.016684,3,0.050052
tsels,TSELSTest.case_half_uint16_2x16_2x16_2x16_2x16,a2a3,half_uint16,half_uint16,2,16,2,16,1804,32,0.017738,4,0.070952
tsels,TSELSTest.case_half_uint32_2x16_2x8_2x16_2x16,a2a3,half_uint32,half_uint32,2,16,2,16,1931,32,0.016572,6,0.099432
tsels,TSELSTest.case_float_uint8_2x8_2x32_2x8_2x8,a2a3,float_uint8,float_uint8,2,8,2,8,1805,16,0.008864,5,0.044320
tsels,TSELSTest.case_float_uint16_2x8_2x16_2x8_2x8,a2a3,float_uint16,float_uint16,2,8,2,8,1797,16,0.008904,6,0.053424
tsels,TSELSTest.case_float_uint32_2x8_2x8_2x8_2x8,a2a3,float_uint32,float_uint32,2,8,2,8,1788,16,0.008949,8,0.071592
tsels,TSELSTest.case_uint16_uint8_2x32_2x64_2x128_2x31,a2a3,uint16_uint8,uint16_uint8,2,32,2,31,1882,62,0.032944,3,0.098832
tsels,TSELSTest.case_float_uint8_2x32_2x64_2x128_2x31,a2a3,float_uint8,float_uint8,2,32,2,31,1806,62,0.03433,5,0.171650
tsels,TSELSTest.case_half_uint8_32x672_32x96_32x672_32x666,a2a3,half_uint8,half_uint8,32,672,32,666,4043,21312,5.271333,3,15.813999
tsels,TSELSTest.case_float_uint8_32x672_32x96_32x672_32x666,a2a3,float_uint8,float_uint8,32,672,32,666,5071,21312,4.202721,5,21.013605
tsels,TSELSTest.case_float_uint8_1x8192_1x4096_1x8192_1x8192,a2a3,float_uint8,float_uint8,1,8192,1,8192,2636,8192,3.107739,5,15.538695
tshls,TSHLSTest.case_int16_64x64_64x64_64x64,a2a3,int16,int16,64,64,64,64,2100,4096,1.950476,2,3.900952
tshls,TSHLSTest.case_int16_32x128_32x128_32x128,a2a3,int16,int16,32,128,32,128,2099,4096,1.951405,2,3.902810
tshls,TSHLSTest.case_int16_32x112_32x128_32x111,a2a3,int16,int16,32,112,32,111,2399,3552,1.480617,2,2.961234
tshls,TSHLSTest.case_uint16_64x64_64x64_64x64,a2a3,uint16,uint16,64,64,64,64,1967,4096,2.082359,2,4.164718
tshls,TSHLSTest.case_uint16_32x128_32x128_32x128,a2a3,uint16,uint16,32,128,32,128,2114,4096,1.937559,2,3.875118
tshls,TSHLSTest.case_uint16_32x112_32x128_32x111,a2a3,uint16,uint16,32,112,32,111,2399,3552,1.480617,2,2.961234
tshrs,TSHRSTest.case_int16_64x64_64x64_64x64,a2a3,int16,int16,64,64,64,64,1977,4096,2.071826,2,4.143652
tshrs,TSHRSTest.case_int16_32x128_32x128_32x128,a2a3,int16,int16,32,128,32,128,2103,4096,1.947694,2,3.895388
tshrs,TSHRSTest.case_int16_32x112_32x128_32x111,a2a3,int16,int16,32,112,32,111,2275,3552,1.561319,2,3.122638
tshrs,TSHRSTest.case_uint16_64x64_64x64_64x64,a2a3,uint16,uint16,64,64,64,64,1978,4096,2.070779,2,4.141558
tshrs,TSHRSTest.case_uint16_32x128_32x128_32x128,a2a3,uint16,uint16,32,128,32,128,2090,4096,1.959809,2,3.919618
tshrs,TSHRSTest.case_uint16_32x112_32x128_32x111,a2a3,uint16,uint16,32,112,32,111,2406,3552,1.476309,2,2.952618
tsqrt,TSQRTTest.case_float_64x64_64x64_64x64_inPlace_True,a2a3,float,float,64,64,64,64,2154,4096,1.901578,4,7.606312
tsqrt,TSQRTTest.case_float_64x64_64x64_64x64_inPlace_False,a2a3,float,float,64,64,64,64,2161,4096,1.895419,4,7.581676
tsqrt,TSQRTTest.case_half_64x64_64x64_64x64_inPlace_True,a2a3,half,half,64,64,64,64,2064,4096,1.984496,2,3.968992
tsqrt,TSQRTTest.case_half_64x64_64x64_64x64_inPlace_False,a2a3,half,half,64,64,64,64,2195,4096,1.866059,2,3.732118
tsub,TSUBTest.case_float_64x64_64x64_64x64,a2a3,float,float,64,64,64,64,2479,4096,1.652279,4,6.609116
tsub,TSUBTest.case_int32_64x64_64x64_64x64,a2a3,int32,int32,64,64,64,64,2471,4096,1.657628,4,6.630512
tsub,TSUBTest.case_int16_64x64_64x64_64x64,a2a3,int16,int16,64,64,64,64,2381,4096,1.720286,2,3.440572
tsub,TSUBTest.case_half_64x64_64x64_64x64,a2a3,half,half,64,64,64,64,2509,4096,1.632523,2,3.265046
ttri,TTRITest.case_float_4x8_4x4_1_0,a2a3,float,float,4,8,4,4,1458,16,0.010974,4,0.043896
ttri,TTRITest.case_float_64x64_64x64_1_0,a2a3,float,float,64,64,64,64,4046,4096,1.012358,4,4.049432
ttri,TTRITest.case_int32_64x64_64x64_1_0,a2a3,int32,int32,64,64,64,64,4041,4096,1.01361,4,4.054440
ttri,TTRITest.case_int16_64x64_64x64_1_0,a2a3,int16,int16,64,64,64,64,3842,4096,1.066111,2,2.132222
ttri,TTRITest.case_half_16x256_16x256_1_0,a2a3,half,half,16,256,16,256,1870,4096,2.190374,2,4.380748
ttri,TTRITest.case_float_128x128_128x128_1_0,a2a3,float,float,128,128,128,128,7488,16384,2.188034,4,8.752136
ttri,TTRITest.case_float_64x64_64x64_0_0,a2a3,float,float,64,64,64,64,3927,4096,1.043035,4,4.172140
ttri,TTRITest.case_int32_64x64_64x64_0_0,a2a3,int32,int32,64,64,64,64,4055,4096,1.010111,4,4.040444
ttri,TTRITest.case_int16_64x64_64x64_0_0,a2a3,int16,int16,64,64,64,64,3829,4096,1.069731,2,2.139462
ttri,TTRITest.case_half_16x256_16x256_0_0,a2a3,half,half,16,256,16,256,1869,4096,2.191546,2,4.383092
ttri,TTRITest.case_float_128x128_128x128_0_0,a2a3,float,float,128,128,128,128,7487,16384,2.188326,4,8.753304
ttri,TTRITest.case_float_128x128_128x125_0_0,a2a3,float,float,128,128,128,125,9863,16000,1.622224,4,6.488896
ttri,TTRITest.case_uint32_64x64_64x64_1_0,a2a3,uint32,uint32,64,64,64,64,3917,4096,1.045698,4,4.182792
ttri,TTRITest.case_uint32_64x64_64x64_0_0,a2a3,uint32,uint32,64,64,64,64,4071,4096,1.006141,4,4.024564
ttri,TTRITest.case_float_128x128_128x111_0_2,a2a3,float,float,128,128,128,111,9803,14208,1.449352,4,5.797408
ttri,TTRITest.case_float_128x128_128x111_0__2,a2a3,float,float,128,128,128,111,9583,14208,1.482625,4,5.930500
ttri,TTRITest.case_float_128x128_128x111_1_2,a2a3,float,float,128,128,128,111,9832,14208,1.445077,4,5.780308
ttri,TTRITest.case_float_128x128_128x111_1__2,a2a3,float,float,128,128,128,111,9560,14208,1.486192,4,5.944768
ttri,TTRITest.case_float_128x128_128x31_0_444,a2a3,float,float,128,128,128,31,8671,3968,0.457617,4,1.830468
ttri,TTRITest.case_float_128x128_128x31_1_444,a2a3,float,float,128,128,128,31,8592,3968,0.461825,4,1.847300
ttri,TTRITest.case_float_128x128_128x31_0__444,a2a3,float,float,128,128,128,31,5519,3968,0.718971,4,2.875884
ttri,TTRITest.case_float_128x128_128x31_1__444,a2a3,float,float,128,128,128,31,5374,3968,0.73837,4,2.953480
txor,TXORTest.case_int16_64x64_64x64_64x64_64x64,a2a3,int16,int16,64,64,64,64,2682,4096,1.527218,2,3.054436
txor,TXORTest.case_int16_32x128_32x128_32x256_32x128,a2a3,int16,int16,32,128,32,128,2333,4096,1.755679,2,3.511358
txor,TXORTest.case_int16_32x128_32x128_32x256_32x127,a2a3,int16,int16,32,128,32,127,3385,4064,1.200591,2,2.401182
txor,TXORTest.case_uint16_64x64_64x64_64x64_64x64,a2a3,uint16,uint16,64,64,64,64,2687,4096,1.524377,2,3.048754
txor,TXORTest.case_uint16_32x128_32x128_32x256_32x128,a2a3,uint16,uint16,32,128,32,128,2321,4096,1.764757,2,3.529514
txor,TXORTest.case_uint16_32x128_32x128_32x256_32x127,a2a3,uint16,uint16,32,128,32,127,3522,4064,1.15389,2,2.307780
txor,TXORTest.case_int8_32x128_32x128_32x256_32x127,a2a3,int8,int8,32,128,32,127,2088,4064,1.94636,1,1.946360
txor,TXORTest.case_uint8_32x128_32x128_32x256_32x127,a2a3,uint8,uint8,32,128,32,127,2095,4064,1.939857,1,1.939857
txors,TXORSTest.case_int16_64x64_64x64_64x64,a2a3,int16,int16,64,64,64,64,2729,4096,1.500916,2,3.001832
txors,TXORSTest.case_int16_32x128_32x128_32x128,a2a3,int16,int16,32,128,32,128,2376,4096,1.723906,2,3.447812
txors,TXORSTest.case_int16_32x112_32x128_32x111,a2a3,int16,int16,32,112,32,111,3550,3552,1.000563,2,2.001126
txors,TXORSTest.case_uint16_64x64_64x64_64x64,a2a3,uint16,uint16,64,64,64,64,2871,4096,1.426681,2,2.853362
txors,TXORSTest.case_uint16_32x128_32x128_32x128,a2a3,uint16,uint16,32,128,32,128,2219,4096,1.845877,2,3.691754
txors,TXORSTest.case_uint16_32x112_32x128_32x111,a2a3,uint16,uint16,32,112,32,111,3530,3552,1.006232,2,2.012464
