testcase,gtest,soc,src_dtype,dst_dtype,tile_rows,tile_cols,valid_rows,valid_cols,kernal_ticks,system_ticks,simd_cycles,mac_cycles,total_elements,epc
mgather,MGATHERTest.case_half_16x64_8x32,a5,half,half,16,64,8,32,2684,2892,,,256,0.09538
mgather,MGATHERTest.case_half_16x128_8x64,a5,half,half,16,128,8,64,2876,3084,,,512,0.178025
mgather,MGATHERTest.case_half_32x128_16x64,a5,half,half,32,128,16,64,3210,3418,,,1024,0.319003
mgather,MGATHERTest.case_half_16x256_8x128,a5,half,half,16,256,8,128,3154,3364,,,1024,0.324667
mgather,MGATHERTest.case_half_64x64_32x32,a5,half,half,64,64,32,32,3200,3408,,,1024,0.32
mgather,MGATHERTest.case_float_8x64_4x32,a5,float,float,8,64,4,32,2709,2919,,,128,0.04725
mgather,MGATHERTest.case_float_16x64_8x32,a5,float,float,16,64,8,32,2835,3045,,,256,0.0903
mgather,MGATHERTest.case_float_32x64_16x32,a5,float,float,32,64,16,32,2904,3112,,,512,0.176309
mgather,MGATHERTest.case_float_16x16_8x8,a5,float,float,16,16,8,8,2629,2839,,,64,0.024344
mgather,MGATHERTest.case_int32_8x32_4x16,a5,int32,int32,8,32,4,16,2771,2979,,,64,0.023096
mgather,MGATHERTest.case_int32_16x64_8x32,a5,int32,int32,16,64,8,32,2735,2945,,,256,0.093601
mgather,MGATHERTest.case_int32_32x32_16x16,a5,int32,int32,32,32,16,16,2684,2892,,,256,0.09538
mgather,MGATHERTest.case_uint8_16x64_8x32,a5,uint8,uint8,16,64,8,32,2670,2880,,,256,0.09588
mgather,MGATHERTest.case_uint8_32x64_16x32,a5,uint8,uint8,32,64,16,32,2829,3037,,,512,0.180983
mgather,MGATHERTest.case_float_clamp_16x64_8x32,a5,float_clamp,float_clamp,16,64,8,32,2729,2939,,,256,0.093807
mgather,MGATHERTest.case_int32_wrap_16x64_8x32,a5,int32_wrap,int32_wrap,16,64,8,32,2661,2871,,,256,0.096204
mgather,MGATHERTest.case_half_zero_16x64_8x32,a5,half_zero,half_zero,16,64,8,32,2679,2887,,,256,0.095558
mscatter,MSCATTERTest.case_half_8x32_1024,a5,half,half,8,32,8,32,3024,3232,,,256,0.084656
mscatter,MSCATTERTest.case_half_16x64_2048,a5,half,half,16,64,16,64,3779,3989,,,1024,0.270971
mscatter,MSCATTERTest.case_float_8x32_512,a5,float,float,8,32,8,32,2807,3017,,,256,0.091201
mscatter,MSCATTERTest.case_float_16x32_1024,a5,float,float,16,32,16,32,2957,3167,,,512,0.173148
mscatter,MSCATTERTest.case_float_16x64_2048,a5,float,float,16,64,16,64,3374,3584,,,1024,0.303497
mscatter,MSCATTERTest.case_float_8x8_128,a5,float,float,8,8,8,8,2838,3048,,,64,0.022551
mscatter,MSCATTERTest.case_int32_8x16_256,a5,int32,int32,8,16,8,16,2841,3051,,,128,0.045055
mscatter,MSCATTERTest.case_int32_16x32_1024,a5,int32,int32,16,32,16,32,3439,3649,,,512,0.14888
mscatter,MSCATTERTest.case_int32_16x16_512,a5,int32,int32,16,16,16,16,2971,3179,,,256,0.086166
mscatter,MSCATTERTest.case_uint8_16x32_1024,a5,uint8,uint8,16,32,16,32,3427,3635,,,512,0.149402
mscatter,MSCATTERTest.case_uint8_16x64_2048,a5,uint8,uint8,16,64,16,64,3563,3771,,,1024,0.287398
mscatter,MSCATTERTest.case_float_skip_8x32_512,a5,float_skip,float_skip,8,32,8,32,2979,3189,,,256,0.085935
mscatter,MSCATTERTest.case_int32_clamp_8x16_256,a5,int32_clamp,int32_clamp,8,16,8,16,2802,3010,,,128,0.045682
mscatter,MSCATTERTest.case_half_wrap_8x32_1024,a5,half_wrap,half_wrap,8,32,8,32,3335,3543,,,256,0.076762
mscatter,MSCATTERTest.case_float_atomicadd_8x32_512,a5,float_atomicadd,float_atomicadd,8,32,8,32,3390,3598,,,256,0.075516
mscatter,MSCATTERTest.case_int32_atomicadd_skip_8x16_256,a5,int32_atomicadd_skip,int32_atomicadd_skip,8,16,8,16,3242,3452,,,128,0.039482
tabs,TABSTest.case_float_64x64_64x64_64x64_inPlace_True,a5,float,float,64,64,64,64,3080,3290,432,,4096,9.481481
tabs,TABSTest.case_float_64x64_64x64_64x64_inPlace_False,a5,float,float,64,64,64,64,3160,3370,432,,4096,9.481481
tabs,TABSTest.case_half_64x64_64x64_64x64_inPlace_True,a5,half,half,64,64,64,64,2566,2776,432,,4096,9.481481
tabs,TABSTest.case_half_64x64_64x64_64x64_inPlace_False,a5,half,half,64,64,64,64,2581,2789,432,,4096,9.481481
tadd,TADDTest.case_float_64x64_64x64_64x64_64x64,a5,float,float,64,64,64,64,3696,3904,435,,4096,9.416092
tadd,TADDTest.case_int32_64x64_64x64_64x64_64x64,a5,int32,int32,64,64,64,64,3675,3883,435,,4096,9.416092
tadd,TADDTest.case_int16_64x64_64x64_64x64_64x64,a5,int16,int16,64,64,64,64,2922,3132,435,,4096,9.416092
tadd,TADDTest.case_half_16x256_16x256_16x256_16x256,a5,half,half,16,256,16,256,2630,2840,163,,4096,25.128834
tadd,TADDTest.case_half_16x64_16x128_16x128_16x64,a5,half,half,16,64,16,64,2148,2358,147,,1024,6.965986
tadd,TADDTest.case_float_16x32_16x64_16x32_16x32,a5,float,float,16,32,16,32,2209,2419,147,,512,3.482993
tadd,TADDTest.case_int16_32x128_32x128_32x256_32x128,a5,int16,int16,32,128,32,128,2750,2960,242,,4096,16.92562
tadd,TADDTest.case_int32_16x32_16x64_16x32_16x32,a5,int32,int32,16,32,16,32,2193,2401,147,,512,3.482993
tadd,TADDTest.case_half_16x64_16x128_16x128_16x63,a5,half,half,16,64,16,63,2199,2407,148,,1008,6.810811
tadd,TADDTest.case_float_16x32_16x64_16x32_16x31,a5,float,float,16,32,16,31,2211,2419,147,,496,3.37415
tadd,TADDTest.case_int16_32x128_32x128_32x256_32x127,a5,int16,int16,32,128,32,127,2726,2936,242,,4064,16.793388
tadd,TADDTest.case_int32_16x32_16x64_16x32_16x31,a5,int32,int32,16,32,16,31,2285,2494,147,,496,3.37415
tadd,TADDTest.case_half_2x128_2x128_2x128_1x106,a5,half,half,2,128,1,106,2120,2330,57,,106,1.859649
tadds,TADDSTest.case1,a5,float,float,32,128,32,64,2397,2605,242,,2048,8.46281
tadds,TADDSTest.case2,a5,half,half,63,128,63,64,2622,2832,428,,4032,9.420561
tadds,TADDSTest.case3,a5,int32,int32,31,256,31,128,8187,8397,5452,,3968,0.727806
tadds,TADDSTest.case4,a5,int16,int16,15,192,15,192,4498,4708,2428,,2880,1.186161
tadds,TADDSTest.case5,a5,float,float,7,512,7,448,5736,5944,3301,,3136,0.950015
tadds,TADDSTest.case6,a5,float,float,256,32,256,16,4630,4838,1586,,4096,2.582598
tadds,TADDSTest.case7,a5,uint32,uint32,256,32,256,16,4694,4904,1586,,4096,2.582598
tadds,TADDSTest.case8,a5,uint16,uint16,256,32,256,16,4469,4679,1586,,4096,2.582598
tadds,TADDSTest.case9,a5,int8,int8,256,64,256,32,4426,4634,1586,,8192,5.165195
tadds,TADDSTest.case10,a5,uint8,uint8,256,64,256,32,4345,4553,1586,,8192,5.165195
tand,TANDTest.case1,a5,uint16,uint16,64,64,64,64,2957,3167,434,,4096,9.437788
tand,TANDTest.case2,a5,uint16,uint16,64,64,63,63,3404,3612,428,,3969,9.273364
tand,TANDTest.case3,a5,uint16,uint16,1,16384,1,16384,5746,5956,306,,16384,53.542484
tand,TANDTest.case4,a5,uint16,uint16,2048,16,2048,16,21070,21278,12338,,32768,2.65586
tand,TANDTest.case5,a5,uint8,uint8,32,32,32,32,3292,3500,242,,1024,4.231405
tand,TANDTest.case6,a5,uint32,uint32,8,8,8,8,3042,3250,104,,64,0.615385
tand,TANDTest.case7,a5,int8,int8,32,32,32,32,2780,2990,242,,1024,4.231405
tand,TANDTest.case8,a5,int16,int16,16,16,16,16,2715,2925,146,,256,1.753425
tand,TANDTest.case9,a5,int32,int32,8,8,8,8,2582,2792,98,,64,0.653061
tand,TANDTest.case10,a5,int16,int16,16,16,16,16,2640,2850,146,,256,1.753425
tand,TANDTest.case11,a5,float,float,8,8,8,8,2078,2288,98,,64,0.653061
taxpy,TAXPYTest.case1,a5,half,half,64,64,64,64,2915,3123,500,,4096,8.192
taxpy,TAXPYTest.case2,a5,half,half,64,64,63,63,2937,3147,493,,3969,8.05071
taxpy,TAXPYTest.case3,a5,half,half,1,16384,1,16384,11459,11667,6511,,16384,2.516357
taxpy,TAXPYTest.case4,a5,half,half,2048,16,2048,16,22523,22733,14388,,32768,2.277453
taxpy,TAXPYTest.case5,a5,float,float,8,8,8,8,1930,2138,108,,64,0.592593
taxpy,TAXPYTest.case6,a5,float,float,16,16,15,15,2659,2869,157,,225,1.433121
tcmp,TCMPTest.case_half_32x32_32x32_32x32,a5,half,half,32,32,32,32,2117,2327,62,,1024,16.516129
tcmp,TCMPTest.case_float_8x64_8x64_8x64,a5,float,float,8,64,8,64,2157,2365,74,,512,6.918919
tcmp,TCMPTest.case_int32_4x64_4x64_4x64,a5,int32,int32,4,64,4,64,2146,2354,68,,256,3.764706
tcmp,TCMPTest.case_int32_16x32_16x32_16x32,a5,int32,int32,16,32,16,32,2185,2395,74,,512,6.918919
tcmp,TCMPTest.case_int32_32x32_32x32_32x32,a5,int32,int32,32,32,32,32,2282,2492,93,,1024,11.010753
tcmps,TCMPSTest.case_half_32x32_32x32_32x32,a5,half,half,32,32,32,32,2623,2831,571,,1024,1.793345
tcmps,TCMPSTest.case_float_1x64_1x64_1x64,a5,float,float,1,64,1,64,2426,2634,458,,64,0.139738
tcmps,TCMPSTest.case_float_8x64_8x64_8x64,a5,float,float,8,64,8,64,2559,2769,454,,512,1.127753
tcmps,TCMPSTest.case_float_4x64_4x64_4x64,a5,float,float,4,64,4,64,2556,2766,574,,256,0.445993
tcmps,TCMPSTest.case_int32_64x64_64x64_32x64,a5,int32,int32,64,64,32,64,2706,2916,548,,2048,3.737226
tcmps,TCMPSTest.case_int32_16x32_16x32_16x32,a5,int32,int32,16,32,16,32,2610,2818,597,,512,0.857621
tcmps,TCMPSTest.case_float_128x128_128x128_128x128,a5,float,float,128,128,128,128,5557,5765,1149,,16384,14.259356
tcmps,TCMPSTest.case_int32_32x32_32x32_32x32,a5,int32,int32,32,32,32,32,2704,2912,565,,1024,1.812389
tcolargmax,TCOLCMAXTest.case01,a5,float,uint32,1,256,1,255,2079,2289,54,,255,4.722222
tcolargmax,TCOLCMAXTest.case02,a5,float,uint32,1,128,1,127,2297,2507,143,,127,0.888112
tcolargmax,TCOLCMAXTest.case03,a5,float,uint32,1,256,1,255,2633,2843,214,,255,1.191589
tcolargmax,TCOLCMAXTest.case11,a5,half,uint32,1,256,1,255,2021,2229,63,,255,4.047619
tcolargmax,TCOLCMAXTest.case12,a5,half,uint32,1,128,1,127,2127,2337,113,,127,1.123894
tcolargmax,TCOLCMAXTest.case13,a5,half,uint32,1,256,1,255,2332,2542,152,,255,1.677632
tcolargmax,TCOLCMAXTest.case51,a5,uint16,uint32,1,256,1,255,2154,2362,63,,255,4.047619
tcolargmax,TCOLCMAXTest.case52,a5,uint16,uint32,1,128,1,127,2197,2407,113,,127,1.123894
tcolargmax,TCOLCMAXTest.case53,a5,uint16,uint32,1,256,1,255,2173,2383,152,,255,1.677632
tcolargmax,TCOLCMAXTest.case71,a5,uint32,uint32,1,256,1,255,2193,2401,54,,255,4.722222
tcolargmax,TCOLCMAXTest.case72,a5,uint32,uint32,1,128,1,127,2313,2521,143,,127,0.888112
tcolargmax,TCOLCMAXTest.case73,a5,uint32,uint32,1,256,1,255,2633,2843,214,,255,1.191589
tcolargmin,TCOLCMINTest.case01,a5,float,uint32,1,256,1,255,2079,2289,54,,255,4.722222
tcolargmin,TCOLCMINTest.case02,a5,float,uint32,1,128,1,127,2297,2507,143,,127,0.888112
tcolargmin,TCOLCMINTest.case03,a5,float,uint32,1,256,1,255,2633,2843,214,,255,1.191589
tcolargmin,TCOLCMINTest.case11,a5,half,uint32,1,256,1,255,2021,2231,63,,255,4.047619
tcolargmin,TCOLCMINTest.case12,a5,half,uint32,1,128,1,127,2127,2337,113,,127,1.123894
tcolargmin,TCOLCMINTest.case13,a5,half,uint32,1,256,1,255,2332,2541,152,,255,1.677632
tcolargmin,TCOLCMINTest.case21,a5,int8,uint32,1,256,1,255,2061,2271,72,,255,3.541667
tcolargmin,TCOLCMINTest.case22,a5,int8,uint32,1,128,1,127,2271,2481,185,,127,0.686486
tcolargmin,TCOLCMINTest.case23,a5,int8,uint32,1,256,1,255,2177,2387,178,,255,1.432584
tcolargmin,TCOLCMINTest.case31,a5,uint8,uint32,1,256,1,255,2463,2671,362,,255,0.70442
tcolargmin,TCOLCMINTest.case32,a5,uint8,uint32,1,128,1,127,2216,2426,185,,127,0.686486
tcolargmin,TCOLCMINTest.case33,a5,uint8,uint32,1,256,1,255,2181,2391,178,,255,1.432584
tcolargmin,TCOLCMINTest.case41,a5,int16,uint32,1,256,1,255,2649,2857,63,,255,4.047619
tcolargmin,TCOLCMINTest.case42,a5,int16,uint32,1,128,1,127,2203,2411,113,,127,1.123894
tcolargmin,TCOLCMINTest.case43,a5,int16,uint32,1,256,1,255,2280,2490,152,,255,1.677632
tcolargmin,TCOLCMINTest.case51,a5,uint16,uint32,1,256,1,255,2154,2362,63,,255,4.047619
tcolargmin,TCOLCMINTest.case52,a5,uint16,uint32,1,128,1,127,2197,2405,113,,127,1.123894
tcolargmin,TCOLCMINTest.case53,a5,uint16,uint32,1,256,1,255,2173,2383,152,,255,1.677632
tcolargmin,TCOLCMINTest.case61,a5,int32,uint32,1,256,1,255,2123,2333,54,,255,4.722222
tcolargmin,TCOLCMINTest.case62,a5,int32,uint32,1,128,1,127,2206,2416,143,,127,0.888112
tcolargmin,TCOLCMINTest.case63,a5,int32,uint32,1,256,1,255,2573,2783,214,,255,1.191589
tcolargmin,TCOLCMINTest.case71,a5,uint32,uint32,1,256,1,255,2193,2403,54,,255,4.722222
tcolargmin,TCOLCMINTest.case72,a5,uint32,uint32,1,128,1,127,2313,2523,143,,127,0.888112
tcolargmin,TCOLCMINTest.case73,a5,uint32,uint32,1,256,1,255,2633,2842,214,,255,1.191589
tcolexpand,TCOLEXPANDTest.case_half_1_16_512_512,a5,half,half,1,16,1,16,3021,3229,135,,16,0.118519
tcolexpand,TCOLEXPANDTest.case_int8_2_32_256_255,a5,int8,int8,2,32,2,32,2934,3144,207,,64,0.309179
tcolexpand,TCOLEXPANDTest.case_float_1_8_128_63,a5,float,float,1,8,1,8,2577,2785,60,,8,0.133333
tcolexpand,TCOLEXPANDTest.case_half_1_33_512_512,a5,half,half,1,33,1,33,3668,3876,203,,33,0.162562
tcolexpand,TCOLEXPANDTest.case_int8_2_17_256_44,a5,int8,int8,2,17,2,17,2796,3006,69,,34,0.492754
tcolexpand,TCOLEXPANDTest.case_float_1_54_64_63,a5,float,float,1,54,1,54,2863,3073,106,,54,0.509434
tcolexpandadd,TColExpandAddTest.case_fp32_16_128_1_128,a5,float,float,16,128,16,128,3239,3449,163,,2048,12.564417
tcolexpandadd,TColExpandAddTest.case_fp32_32_32_1_32,a5,float,float,32,32,32,32,3075,3285,243,,1024,4.213992
tcolexpandadd,TColExpandAddTest.case_fp16_4_256_1_256,a5,half,half,4,256,4,256,2859,3067,79,,1024,12.962025
tcolexpandadd,TColExpandAddTest.case_fp16_10_64_1_64,a5,half,half,10,64,10,64,2759,2967,111,,640,5.765766
tcolexpanddiv,TColExpandDivTest.case_fp32_32_64_1_64,a5,float,float,32,64,32,64,2981,3191,252,,2048,8.126984
tcolexpanddiv,TColExpandDivTest.case_fp32_8_32_1_32,a5,float,float,8,32,8,32,2773,2981,109,,256,2.348624
tcolexpanddiv,TColExpandDivTest.case_fp16_16_64_1_64,a5,half,half,16,64,16,64,2821,3031,162,,1024,6.320988
tcolexpanddiv,TColExpandDivTest.case_fp16_4_128_1_128,a5,half,half,4,128,4,128,2646,2854,89,,512,5.752809
tcolexpandexpdif,TColExpandExpdifTest.case_fp32_32_16_1_16,a5,float,float,32,16,32,16,2888,3098,254,,512,2.015748
tcolexpandexpdif,TColExpandExpdifTest.case_fp32_16_32_1_32,a5,float,float,16,32,16,32,2917,3127,158,,512,3.240506
tcolexpandexpdif,TColExpandExpdifTest.case_fp16_32_32_1_32,a5,half,half,32,32,32,32,2920,3128,261,,1024,3.923372
tcolexpandexpdif,TColExpandExpdifTest.case_fp16_16_128_1_128,a5,half,half,16,128,16,128,2934,3144,164,,2048,12.487805
tcolexpandmax,TColExpandMaxTest.case_fp32_16_128_1_128,a5,float,float,16,128,16,128,3238,3448,162,,2048,12.641975
tcolexpandmax,TColExpandMaxTest.case_fp32_32_32_1_32,a5,float,float,32,32,32,32,3074,3284,242,,1024,4.231405
tcolexpandmax,TColExpandMaxTest.case_fp16_4_256_1_256,a5,half,half,4,256,4,256,2858,3068,78,,1024,13.128205
tcolexpandmax,TColExpandMaxTest.case_fp16_10_64_1_64,a5,half,half,10,64,10,64,2758,2966,110,,640,5.818182
tcolexpandmin,TColExpandMinTest.case_fp32_16_128_1_128,a5,float,float,16,128,16,128,3238,3448,162,,2048,12.641975
tcolexpandmin,TColExpandMinTest.case_fp32_32_32_1_32,a5,float,float,32,32,32,32,3074,3284,242,,1024,4.231405
tcolexpandmin,TColExpandMinTest.case_fp16_4_256_1_256,a5,half,half,4,256,4,256,2858,3066,78,,1024,13.128205
tcolexpandmin,TColExpandMinTest.case_fp16_10_64_1_64,a5,half,half,10,64,10,64,2758,2966,110,,640,5.818182
tcolexpandmul,TColExpandMulTest.case_fp32_16_128_1_128,a5,float,float,16,128,16,128,2915,3123,164,,2048,12.487805
tcolexpandmul,TColExpandMulTest.case_fp32_32_32_1_32,a5,float,float,32,32,32,32,2997,3205,244,,1024,4.196721
tcolexpandmul,TColExpandMulTest.case_fp16_4_256_1_256,a5,half,half,4,256,4,256,2790,3000,80,,1024,12.8
tcolexpandmul,TColExpandMulTest.case_fp16_10_64_1_64,a5,half,half,10,64,10,64,2824,3034,112,,640,5.714286
tcolexpandsub,TColExpandSubTest.case_fp32_6_128_1_128,a5,float,float,6,128,6,128,2753,2963,93,,768,8.258065
tcolexpandsub,TColExpandSubTest.case_fp32_18_32_1_32,a5,float,float,18,32,18,32,2798,3006,159,,576,3.622642
tcolexpandsub,TColExpandSubTest.case_fp16_10_256_1_256,a5,half,half,10,256,10,256,2825,3033,121,,2560,21.157025
tcolexpandsub,TColExpandSubTest.case_fp16_12_64_1_64,a5,half,half,12,64,12,64,2850,3058,123,,768,6.243902
tconcat,TCONCATTest.case_float_64x128_64x64_64x64_64x64_64x64,a5,float,float,64,128,64,128,6669,6877,1775,,8192,4.615211
tconcat,TCONCATTest.case_int32_64x128_64x64_64x64_64x64_64x64,a5,int32,int32,64,128,64,128,6705,6915,1775,,8192,4.615211
tconcat,TCONCATTest.case_half_16x256_16x128_16x128_16x128_16x128,a5,half,half,16,256,16,256,2972,3182,479,,4096,8.551148
tconcat,TCONCATTest.case_float_16x64_16x32_16x32_16x32_16x32,a5,float,float,16,64,16,64,2645,2855,479,,1024,2.137787
tconcat,TCONCATTest.case_int16_32x256_32x128_32x128_32x128_32x128,a5,int16,int16,32,256,32,256,4129,4337,911,,8192,8.992316
tconcat,TCONCATTest.case_half_16x128_16x64_16x64_16x63_16x64,a5,half,half,16,128,16,127,2761,2969,625,,2032,3.2512
tconcat,TCONCATTest.case_float_16x64_16x32_16x32_16x31_16x32,a5,float,float,16,64,16,63,3103,3311,497,,1008,2.028169
tconcat,TCONCATTest.case_int16_32x256_32x128_32x128_32x127_32x128,a5,int16,int16,32,256,32,255,4787,4997,1489,,8160,5.480188
tconcatidx,TCONCATTest.case_int16_16x32_16x16_16x16_8x16_8x16,a5,int16,int16,16,32,8,32,2918,3128,1017,,256,0.251721
tconcatidx,TCONCATTest.case_int32_64x128_64x64_64x64_64x64_64x64,a5,int32,int32,64,128,64,128,13368,13578,7867,,8192,1.041312
tconcatidx,TCONCATTest.case_half_16x256_16x128_16x128_16x128_16x128,a5,half,half,16,256,16,256,5117,5325,2059,,4096,1.989315
tconcatidx,TCONCATTest.case_float_16x64_16x32_16x32_16x32_16x32,a5,float,float,16,64,16,64,4339,4549,2025,,1024,0.505679
tconcatidx,TCONCATTest.case_int16_32x256_32x128_32x128_32x128_32x128,a5,int16,int16,32,256,32,256,7850,8059,3976,,8192,2.060362
tdiv,TDIVTest.case_float_64x64_64x64_64x64_64x64,a5,float,float,64,64,64,64,3706,3916,445,,4096,9.204494
tdiv,TDIVTest.case_int32_64x64_64x64_64x64_64x64,a5,int32,int32,64,64,64,64,5815,6023,2568,,4096,1.595016
tdiv,TDIVTest.case_int16_64x64_64x64_64x64_64x64,a5,int16,int16,64,64,64,64,4918,5126,2397,,4096,1.708803
tdiv,TDIVTest.case_half_16x256_16x256_16x256_16x256,a5,half,half,16,256,16,256,2680,2890,193,,4096,21.222798
tdiv,TDIVTest.case_half_16x64_16x128_16x128_16x64,a5,half,half,16,64,16,64,2112,2322,162,,1024,6.320988
tdiv,TDIVTest.case_float_16x32_16x64_16x32_16x32,a5,float,float,16,32,16,32,2176,2386,157,,512,3.261146
tdiv,TDIVTest.case_int16_32x128_32x128_32x256_32x128,a5,int16,int16,32,128,32,128,3731,3941,1224,,4096,3.346405
tdiv,TDIVTest.case_int32_16x32_16x64_16x32_16x32,a5,int32,int32,16,32,16,32,2844,3054,721,,512,0.710125
tdiv,TDIVTest.case_half_16x64_16x128_16x128_16x63,a5,half,half,16,64,16,63,2299,2509,162,,1008,6.222222
tdiv,TDIVTest.case_float_16x32_16x64_16x32_16x31,a5,float,float,16,32,16,31,2277,2486,157,,496,3.159236
tdiv,TDIVTest.case_int16_32x128_32x128_32x256_32x127,a5,int16,int16,32,128,32,127,3639,3847,1224,,4064,3.320261
tdiv,TDIVTest.case_int32_16x32_16x64_16x32_16x31,a5,int32,int32,16,32,16,31,2766,2976,721,,496,0.687933
tdiv,TDIVTest.case_float_hp_2x16_2x16_2x16_2x16,a5,float_hp,float_hp,2,16,2,16,2035,2243,73,,32,0.438356
tdiv,TDIVTest.case_half_hp_2x32_2x32_2x32_2x32,a5,half_hp,half_hp,2,32,2,32,1969,2179,78,,64,0.820513
texpands,TEXPANDSTest.case_float_64x64_64x64_64x64_PAD_VALUE_NULL,a5,float,float,64,64,64,64,3080,3288,898,,4096,4.561247
texpands,TEXPANDSTest.case_int32_64x64_64x64_64x64_PAD_VALUE_NULL,a5,int32,int32,64,64,64,64,3106,3314,826,,4096,4.958838
texpands,TEXPANDSTest.case_half_64x64_64x64_64x64_PAD_VALUE_NULL,a5,half,half,64,64,64,64,2828,3036,855,,4096,4.790643
texpands,TEXPANDSTest.case_bfloat16_64x64_64x64_64x64_PAD_VALUE_NULL,a5,bfloat16,bfloat16,64,64,64,64,2849,3057,942,,4096,4.348195
texpands,TEXPANDSTest.case_int16_64x64_64x64_64x64_PAD_VALUE_NULL,a5,int16,int16,64,64,64,64,2794,3004,898,,4096,4.561247
texpands,TEXPANDSTest.case_float_60x60_64x64_60x60_PAD_VALUE_MAX,a5,float,float,60,60,60,60,2986,3194,874,,3600,4.118993
texpands,TEXPANDSTest.case_int32_60x60_64x64_60x60_PAD_VALUE_MAX,a5,int32,int32,60,60,60,60,3015,3225,802,,3600,4.488778
texpands,TEXPANDSTest.case_half_1x3600_2x4096_1x3600_PAD_VALUE_MAX,a5,half,half,1,3600,1,3600,3963,4173,1986,,3600,1.812689
texpands,TEXPANDSTest.case_bfloat16_1x3600_2x4096_1x3600_PAD_VALUE_MAX,a5,bfloat16,bfloat16,1,3600,1,3600,3963,4171,1986,,3600,1.812689
texpands,TEXPANDSTest.case_int16_16x200_20x512_16x200_PAD_VALUE_MAX,a5,int16,int16,16,200,16,200,4998,5206,3099,,3200,1.032591
tfillpad,TFILLPADTest.case_float_GT_128_127_VT_128_128_BLK1_PADMAX_PADMAX,a5,float,float,128,128,128,127,19451,19661,1453,,16256,11.187887
tfillpad,TFILLPADTest.case_float_GT_128_127_VT_128_160_BLK1_PADMAX_PADMAX,a5,float,float,128,160,128,127,20308,20518,1453,,16256,11.187887
tfillpad,TFILLPADTest.case_float_GT_128_127_VT_128_160_BLK1_PADMIN_PADMAX,a5,float,float,128,160,128,127,19943,20156,1453,,16256,11.187887
tfillpad,TFILLPADTest.case_float_GT_260_7_VT_260_16_BLK1_PADMIN_PADMAX,a5,float,float,260,16,260,7,16546,16756,1344,,1820,1.354167
tfillpad,TFILLPADTest.case_float_GT_260_7_VT_260_16_BLK1_PADMIN_PADMAX_INPLACE,a5,float,float,260,16,260,7,16056,16266,1265,,1820,1.438735
tfillpad,TFILLPADTest.case_u16_GT_260_7_VT_260_32_BLK1_PADMIN_PADMAX,a5,u16,u16,260,32,260,7,16598,16812,2894,,1820,0.628887
tfillpad,TFILLPADTest.case_s8_GT_260_7_VT_260_64_BLK1_PADMIN_PADMAX,a5,s8,s8,260,64,260,7,16146,16359,3072,,1820,0.592448
tfillpad,TFILLPADTest.case_u16_GT_259_7_VT_260_32_BLK1_PADMIN_PADMAX_EXPAND,a5,u16,u16,260,32,259,7,16418,16627,2836,,1813,0.639281
tfillpad,TFILLPADTest.case_s8_GT_259_7_VT_260_64_BLK1_PADMIN_PADMAX_EXPAND,a5,s8,s8,260,64,259,7,15962,16175,3213,,1813,0.56427
tfillpad,TFILLPADTest.case_s16_GT_260_7_VT_260_32_BLK1_PADMIN_PADMIN,a5,s16,s16,260,32,260,7,16590,16799,2894,,1820,0.628887
tfillpad,TFILLPADTest.case_s32_GT_260_7_VT_260_32_BLK1_PADMIN_PADMIN,a5,s32,s32,260,32,260,7,16667,16876,1370,,1820,1.328467
tfillpad,TFILLPADTest.case_float_GT_128_64_VT_128_128_PADCUSTOM_NEG1,a5,float,float,128,128,128,64,18738,18951,753,,8192,10.87915
tfillpad,TFILLPADTest.case_float_GT_128_127_VT_128_160_BLK1_PADCUSTOM_NEG1_PADCUSTOM_NEG1,a5,float,float,128,160,128,127,19802,20015,1453,,16256,11.187887
tgather,TGATHERTest.case1_float_32x1024_16x64,a5,float,32x1024,16,64,16,64,6705,6913,282,,1024,3.631206
tgather,TGATHERTest.case2_int32_32x512_16x256,a5,int32,32x512,16,256,16,256,5696,5904,776,,4096,5.278351
tgather,TGATHERTest.case3_half_16x1024_16x128,a5,half,16x1024,16,128,16,128,3545,3753,366,,2048,5.595628
tgather,TGATHERTest.case4_int16_32x256_32x64,a5,int16,32x256,32,64,32,64,3015,3225,438,,2048,4.675799
tgatherb,TGATHERBTest.case_float_2x128_2x16_2x128,a5,float,float,2,128,2,128,2086,2296,80,,256,3.2
tgatherb,TGATHERBTest.case_int32_2x128_2x16_2x128,a5,int32,int32,2,128,2,128,2173,2381,80,,256,3.2
tgatherb,TGATHERBTest.case_uint32_2x128_2x16_2x128,a5,uint32,uint32,2,128,2,128,2108,2318,80,,256,3.2
tgatherb,TGATHERBTest.case_int16_1x32768_1x2048_1x32768,a5,int16,int16,1,32768,1,32768,7349,7559,1053,,32768,31.118708
tgatherb,TGATHERBTest.case_uint16_257x128_257x8_257x128,a5,uint16,uint16,257,128,257,128,7401,7609,1055,,32896,31.181043
tgatherb,TGATHERBTest.case_int8_2x256_2x8_2x256,a5,int8,int8,2,256,2,256,2032,2240,73,,512,7.013699
tgatherb,TGATHERBTest.case_int8_2x32768_2x1024_2x32768,a5,int8,int8,2,32768,2,32768,7253,7461,1053,,65536,62.237417
tgatherb,TGATHERBTest.case_uint8_2x32768_2x1024_2x32768,a5,uint8,uint8,2,32768,2,32768,7772,7980,1053,,65536,62.237417
thistogram,THISTOGRAMTest.case_u32_1x128_b3_k64,a5,u32,u32,1,128,1,128,2114,2324,105,,128,1.219048
thistogram,THISTOGRAMTest.case_u32_1x256_b3_k128,a5,u32,u32,1,256,1,256,2029,2239,89,,256,2.876404
thistogram,THISTOGRAMTest.case_u32_2x128_b3_k100,a5,u32,u32,2,128,2,128,2147,2357,98,,256,2.612245
thistogram,THISTOGRAMTest.case_u32_2x4096_b3_k96,a5,u32,u32,2,4096,2,4096,3423,3633,434,,8192,18.875576
thistogram,THISTOGRAMTest.case_u32_4x4096_b3_k128,a5,u32,u32,4,4096,4,4096,4851,5061,800,,16384,20.48
thistogram,THISTOGRAMTest.case_u32_2x192_b3_k64,a5,u32,u32,2,192,2,192,2135,2345,98,,384,3.918367
thistogram,THISTOGRAMTest.case_u32_6x912_b3_k64,a5,u32,u32,6,912,6,912,3064,3272,356,,5472,15.370787
thistogram,THISTOGRAMTest.case_u32_1x128_b2_k64,a5,u32,u32,1,128,1,128,2100,2308,93,,128,1.376344
thistogram,THISTOGRAMTest.case_u32_1x256_b2_k128,a5,u32,u32,1,256,1,256,2102,2310,93,,256,2.752688
thistogram,THISTOGRAMTest.case_u32_2x128_b2_k100,a5,u32,u32,2,128,2,128,2108,2318,103,,256,2.485437
thistogram,THISTOGRAMTest.case_u32_2x4096_b2_k96,a5,u32,u32,2,4096,2,4096,3586,3794,460,,8192,17.808696
thistogram,THISTOGRAMTest.case_u32_4x4096_b2_k128,a5,u32,u32,4,4096,4,4096,5041,5251,842,,16384,19.458432
thistogram,THISTOGRAMTest.case_u32_2x192_b2_k64,a5,u32,u32,2,192,2,192,2123,2331,103,,384,3.728155
thistogram,THISTOGRAMTest.case_u32_6x912_b2_k64,a5,u32,u32,6,912,6,912,3143,3351,387,,5472,14.139535
thistogram,THISTOGRAMTest.case_u32_1x128_b1_k64,a5,u32,u32,1,128,1,128,2173,2383,96,,128,1.333333
thistogram,THISTOGRAMTest.case_u32_1x256_b1_k128,a5,u32,u32,1,256,1,256,2186,2396,96,,256,2.666667
thistogram,THISTOGRAMTest.case_u32_2x4096_b1_k96,a5,u32,u32,2,4096,2,4096,3788,3998,519,,8192,15.7842
thistogram,THISTOGRAMTest.case_u32_2x192_b1_k64,a5,u32,u32,2,192,2,192,2130,2340,105,,384,3.657143
thistogram,THISTOGRAMTest.case_u32_6x912_b1_k64,a5,u32,u32,6,912,6,912,3100,3310,433,,5472,12.637413
thistogram,THISTOGRAMTest.case_u32_1x128_b0_k64,a5,u32,u32,1,128,1,128,2103,2311,99,,128,1.292929
thistogram,THISTOGRAMTest.case_u32_1x256_b0_k128,a5,u32,u32,1,256,1,256,2060,2270,99,,256,2.585859
thistogram,THISTOGRAMTest.case_u32_2x4096_b0_k96,a5,u32,u32,2,4096,2,4096,3921,4131,535,,8192,15.31215
thistogram,THISTOGRAMTest.case_u32_2x192_b0_k64,a5,u32,u32,2,192,2,192,2094,2302,109,,384,3.522936
thistogram,THISTOGRAMTest.case_u32_6x912_b0_k64,a5,u32,u32,6,912,6,912,3208,3418,459,,5472,11.921569
tload,TLOADTest.case_float_GT_128_128_VT_128_128_BLK1,a5,float,float,128,128,128,128,19049,19263,,,16384,0.860098
tload,TLOADTest.case_float_GT_2_2_2_256_64_VT_256_64_BLK8,a5,float,float,256,64,256,64,23130,23343,,,16384,0.708344
tload,TLOADTest.case_float_GT_128_127_VT_128_128_BLK1_PADMAX,a5,float,float,128,128,128,127,19492,19705,,,16256,0.833983
tload,TLOADTest.case_s16_GT_128_127_VT_128_128_BLK1_PADMAX,a5,s16,s16,128,128,128,127,17220,17429,,,16256,0.944019
tload,TLOADTest.case_u8_GT_128_127_VT_128_128_BLK1_PADMIN,a5,u8,u8,128,128,128,127,16613,16827,,,16256,0.978511
tload,TLOADTest.case_float_GT_32_64_128_VT_64_128_BLK32_DYN,a5,float,float,64,128,64,128,16363,16577,,,8192,0.500642
tload,TLOADTest.case_float_GT_32_64_128_VT_64_128_BLK32_STC,a5,float,float,64,128,64,128,17054,17264,,,8192,0.480357
tload,TLOADTest.case_float_GT_2_2_2_256_60_VT_256_64_BLK8_PADMAX,a5,float,float,256,64,256,60,22856,23065,,,15360,0.672034
tload,TLOADTest.case_int64_GT_128_128_VT_128_128_BLK1,a5,int64,int64,128,128,128,128,23137,23350,,,16384,0.70813
tload,TLOADTest.case_uint64_GT_128_125_VT_128_128_BLK1_PADZERO,a5,uint64,uint64,128,128,128,125,23062,23271,,,16000,0.693782
tload,TLOADTest.case_int64_GT_2_2_2_256_62_VT_256_64_BLK8_PADZERO,a5,int64,int64,256,64,256,62,31448,31661,,,15872,0.504706
tload,TLOADTest.case_uint64_GT_2_2_2_256_64_VT_256_64_BLK8,a5,uint64,uint64,256,64,256,64,31142,31351,,,16384,0.526106
tlog,TLOGTest.case_float_64x64_64x64_64x64_inPlace,a5,float,float,64,64,64,64,3093,3303,445,,4096,9.204494
tlog,TLOGTest.case_float_64x64_64x64_64x64,a5,float,float,64,64,64,64,3173,3381,445,,4096,9.204494
tlog,TLOGTest.case_half_64x64_64x64_64x64_inPlace,a5,half,half,64,64,64,64,2624,2832,450,,4096,9.102222
tlog,TLOGTest.case_half_64x64_64x64_64x64,a5,half,half,64,64,64,64,2609,2819,450,,4096,9.102222
tlog,TLOGTest.case_float_hp_64x64_64x64_64x64,a5,float_hp,float_hp,64,64,64,64,3288,3496,521,,4096,7.861804
tlog,TLOGTest.case_half_hp_64x64_64x64_64x64,a5,half_hp,half_hp,64,64,64,64,2692,2902,527,,4096,7.772296
tmax,TMAXTest.case_float_64x64_64x64_64x64_64x64,a5,float,float,64,64,64,64,3792,4002,434,,4096,9.437788
tmax,TMAXTest.case_int32_64x64_64x64_64x64_64x64,a5,int32,int32,64,64,64,64,3756,3964,434,,4096,9.437788
tmax,TMAXTest.case_int16_64x64_64x64_64x64_64x64,a5,int16,int16,64,64,64,64,3033,3241,434,,4096,9.437788
tmax,TMAXTest.case_half_16x256_16x256_16x256_16x256,a5,half,half,16,256,16,256,2669,2877,162,,4096,25.283951
tmax,TMAXTest.case_half_16x64_16x128_16x128_16x64,a5,half,half,16,64,16,64,2668,2876,146,,1024,7.013699
tmax,TMAXTest.case_float_16x32_16x64_16x32_16x32,a5,float,float,16,32,16,32,2579,2787,146,,512,3.506849
tmax,TMAXTest.case_int16_32x128_32x128_32x256_32x128,a5,int16,int16,32,128,32,128,2780,2990,241,,4096,16.995851
tmax,TMAXTest.case_int32_16x32_16x64_16x32_16x32,a5,int32,int32,16,32,16,32,2134,2342,146,,512,3.506849
tmax,TMAXTest.case_half_16x64_16x128_16x128_16x63,a5,half,half,16,64,16,63,2275,2483,146,,1008,6.90411
tmax,TMAXTest.case_float_16x32_16x64_16x32_16x31,a5,float,float,16,32,16,31,2275,2483,146,,496,3.39726
tmax,TMAXTest.case_int16_32x128_32x128_32x256_32x127,a5,int16,int16,32,128,32,127,2730,2940,241,,4064,16.863071
tmax,TMAXTest.case_int32_16x32_16x64_16x32_16x31,a5,int32,int32,16,32,16,31,2275,2485,146,,496,3.39726
tmaxs,TMAXSTest.case_float_64x64_32x32_32x32,a5,float,float,64,64,32,32,2716,2926,540,,1024,1.896296
tmaxs,TMAXSTest.case_float_128x128_64x64_64x64,a5,float,float,128,128,64,64,3240,3448,433,,4096,9.459584
tmaxs,TMAXSTest.case_float_60x128_64x64_60x60,a5,float,float,60,128,60,60,3082,3292,409,,3600,8.801956
tmaxs,TMAXSTest.case_float_16x200_20x512_16x200,a5,float,float,16,200,16,200,7295,7503,4741,,3200,0.674963
tmaxs,TMAXSTest.case_float_1x3600_2x4096_1x3600,a5,float,float,1,3600,1,3600,6088,6296,3428,,3600,1.050175
tmaxs,TMAXSTest.case_int32_32x32_32x32_32x32,a5,int32,int32,32,32,32,32,2534,2744,435,,1024,2.354023
tmaxs,TMAXSTest.case_uint32_32x32_32x32_32x32,a5,uint32,uint32,32,32,32,32,2435,2643,358,,1024,2.860335
tmaxs,TMAXSTest.case_int16_32x128_32x128_32x128,a5,int16,int16,32,128,32,128,2508,2716,250,,4096,16.384
tmaxs,TMAXSTest.case_uint16_32x128_32x128_32x128,a5,uint16,uint16,32,128,32,128,2518,2726,219,,4096,18.703196
tmaxs,TMAXSTest.case_int8_32x128_32x128_32x128,a5,int8,int8,32,128,32,128,2408,2618,271,,4096,15.114391
tmaxs,TMAXSTest.case_uint8_32x128_32x128_32x128,a5,uint8,uint8,32,128,32,128,2521,2729,396,,4096,10.343434
tmaxs,TMAXSTest.case_half_16x256_20x224_16x200,a5,half,half,16,256,16,200,5336,5546,3077,,3200,1.039974
tmin,TMINTest.case_float_64x64_64x64_64x64_64x64,a5,float,float,64,64,64,64,3792,4002,434,,4096,9.437788
tmin,TMINTest.case_int32_64x64_64x64_64x64_64x64,a5,int32,int32,64,64,64,64,3756,3966,434,,4096,9.437788
tmin,TMINTest.case_int16_64x64_64x64_64x64_64x64,a5,int16,int16,64,64,64,64,3033,3241,434,,4096,9.437788
tmin,TMINTest.case_half_16x256_16x256_16x256_16x256,a5,half,half,16,256,16,256,2669,2879,162,,4096,25.283951
tmin,TMINTest.case_half_16x64_16x128_16x128_16x64,a5,half,half,16,64,16,64,2668,2876,146,,1024,7.013699
tmin,TMINTest.case_float_16x32_16x64_16x32_16x32,a5,float,float,16,32,16,32,2579,2787,146,,512,3.506849
tmin,TMINTest.case_int16_32x128_32x128_32x256_32x128,a5,int16,int16,32,128,32,128,2780,2990,241,,4096,16.995851
tmin,TMINTest.case_int32_16x32_16x64_16x32_16x32,a5,int32,int32,16,32,16,32,2134,2344,146,,512,3.506849
tmin,TMINTest.case_half_16x64_16x128_16x128_16x63,a5,half,half,16,64,16,63,2275,2483,146,,1008,6.90411
tmin,TMINTest.case_float_16x32_16x64_16x32_16x31,a5,float,float,16,32,16,31,2275,2483,146,,496,3.39726
tmin,TMINTest.case_int16_32x128_32x128_32x256_32x127,a5,int16,int16,32,128,32,127,2730,2938,241,,4064,16.863071
tmin,TMINTest.case_int32_16x32_16x64_16x32_16x31,a5,int32,int32,16,32,16,31,2275,2484,146,,496,3.39726
tmins,TMINSTest.case_float_64x64_32x32_32x32,a5,float,float,64,64,32,32,2716,2926,540,,1024,1.896296
tmins,TMINSTest.case_float_128x128_64x64_64x64,a5,float,float,128,128,64,64,3240,3450,433,,4096,9.459584
tmins,TMINSTest.case_float_60x128_64x64_60x60,a5,float,float,60,128,60,60,3082,3290,409,,3600,8.801956
tmins,TMINSTest.case_float_16x200_20x512_16x200,a5,float,float,16,200,16,200,7295,7505,4741,,3200,0.674963
tmins,TMINSTest.case_float_1x3600_2x4096_1x3600,a5,float,float,1,3600,1,3600,6088,6296,3428,,3600,1.050175
tmins,TMINSTest.case_int32_32x32_32x32_32x32,a5,int32,int32,32,32,32,32,2534,2744,435,,1024,2.354023
tmins,TMINSTest.case_uint32_32x32_32x32_32x32,a5,uint32,uint32,32,32,32,32,2435,2645,358,,1024,2.860335
tmins,TMINSTest.case_int16_32x128_32x128_32x128,a5,int16,int16,32,128,32,128,2508,2718,250,,4096,16.384
tmins,TMINSTest.case_uint16_32x128_32x128_32x128,a5,uint16,uint16,32,128,32,128,2518,2726,219,,4096,18.703196
tmins,TMINSTest.case_int8_32x128_32x128_32x128,a5,int8,int8,32,128,32,128,2408,2616,271,,4096,15.114391
tmins,TMINSTest.case_uint8_32x128_32x128_32x128,a5,uint8,uint8,32,128,32,128,2521,2731,396,,4096,10.343434
tmins,TMINSTest.case_half_16x256_20x224_16x200,a5,half,half,16,256,16,200,5336,5546,3077,,3200,1.039974
tmov_zz,TMOVZZTest.case_fp32_32x64,a5,fp32,fp32,32,64,32,64,2591,2801,415,,2048,4.93494
tmov_zz,TMOVZZTest.case_fp32_64x64,a5,fp32,fp32,64,64,64,64,3015,3223,630,,4096,6.501587
tmov_zz,TMOVZZTest.case_fp32_64x128,a5,fp32,fp32,64,128,64,128,3921,4129,811,,8192,10.10111
tmov_zz,TMOVZZTest.case_fp32_64x192,a5,fp32,fp32,64,192,64,192,4740,4948,1073,,12288,11.452004
tmov_zz,TMOVZZTest.case_fp32_64x256,a5,fp32,fp32,64,256,64,256,5714,5924,1288,,16384,12.720497
tmov_zz,TMOVZZTest.case_fp32_64x320,a5,fp32,fp32,64,320,64,320,6720,6928,1663,,20480,12.315093
tmov_zz,TMOVZZTest.case_fp32_64x384,a5,fp32,fp32,64,384,64,384,7626,7834,1894,,24576,12.975713
tmov_zz,TMOVZZTest.case_fp32_64x448,a5,fp32,fp32,64,448,64,448,8642,8850,2152,,28672,13.32342
tmov_zz,TMOVZZTest.case_fp32_64x512,a5,fp32,fp32,64,512,64,512,9555,9763,2401,,32768,13.647647
tmov_zz,TMOVZZTest.case_fp32_64x576,a5,fp32,fp32,64,576,64,576,10638,10848,2772,,36864,13.298701
tmov_zz,TMOVZZTest.case_fp32_64x640,a5,fp32,fp32,64,640,64,640,11446,11654,2943,,40960,13.917771
tmov_zz,TMOVZZTest.case_fp32_64x704,a5,fp32,fp32,64,704,64,704,12510,12718,3229,,45056,13.953546
tmov_zz,TMOVZZTest.case_fp32_64x768,a5,fp32,fp32,64,768,64,768,13298,13508,3391,,49152,14.494839
tmov_zz,TMOVZZTest.case_fp32_64x832,a5,fp32,fp32,64,832,64,832,14367,14575,3804,,53248,13.997897
tmov_zz,TMOVZZTest.case_fp32_64x896,a5,fp32,fp32,64,896,64,896,15353,15563,4030,,57344,14.22928
tmov_zz,TMOVZZTest.case_fp32_128x128,a5,fp32,fp32,128,128,128,128,5750,5958,1385,,16384,11.829603
tmov_zz,TMOVZZTest.case_fp32_128x256,a5,fp32,fp32,128,256,128,256,9558,9768,2344,,32768,13.979522
tmov_zz,TMOVZZTest.case_fp32_128x384,a5,fp32,fp32,128,384,128,384,13440,13650,3586,,49152,13.706637
tmov_zz,TMOVZZTest.case_fp32_256x192,a5,fp32,fp32,256,192,256,192,13533,13743,3580,,49152,13.729609
tmul,TMULTest.case_float_64x64_64x64_64x64_64x64,a5,float,float,64,64,64,64,3794,4002,436,,4096,9.394495
tmul,TMULTest.case_int32_64x64_64x64_64x64_64x64,a5,int32,int32,64,64,64,64,3758,3966,436,,4096,9.394495
tmul,TMULTest.case_int16_64x64_64x64_64x64_64x64,a5,int16,int16,64,64,64,64,3035,3243,436,,4096,9.394495
tmul,TMULTest.case_half_16x256_16x256_16x256_16x256,a5,half,half,16,256,16,256,2671,2881,164,,4096,24.97561
tmul,TMULTest.case_half_16x64_16x128_16x128_16x64,a5,half,half,16,64,16,64,2677,2885,148,,1024,6.918919
tmul,TMULTest.case_float_16x32_16x64_16x32_16x32,a5,float,float,16,32,16,32,2581,2789,148,,512,3.459459
tmul,TMULTest.case_int16_32x128_32x128_32x256_32x128,a5,int16,int16,32,128,32,128,2782,2990,243,,4096,16.855967
tmul,TMULTest.case_int32_16x32_16x64_16x32_16x32,a5,int32,int32,16,32,16,32,2136,2344,148,,512,3.459459
tmul,TMULTest.case_half_16x64_16x128_16x128_16x63,a5,half,half,16,64,16,63,2278,2486,149,,1008,6.765101
tmul,TMULTest.case_float_16x32_16x64_16x32_16x31,a5,float,float,16,32,16,31,2277,2485,148,,496,3.351351
tmul,TMULTest.case_int16_32x128_32x128_32x256_32x127,a5,int16,int16,32,128,32,127,2732,2942,243,,4064,16.72428
tmul,TMULTest.case_int32_16x32_16x64_16x32_16x31,a5,int32,int32,16,32,16,31,2277,2487,148,,496,3.351351
tneg,TNEGTest.case_float_64x64_64x64,a5,float,float,64,64,64,64,3083,3291,435,,4096,9.416092
tneg,TNEGTest.case_int32_32x32_32x32,a5,int32,int32,32,32,32,32,2277,2485,265,,1024,3.864151
tneg,TNEGTest.case_half_32x64_32x64,a5,half,half,32,64,32,64,2348,2556,243,,2048,8.427984
tneg,TNEGTest.case_int16_64x16_64x16,a5,int16,int16,64,16,64,16,2398,2608,435,,1024,2.354023
tnot,TNOTTest.case_int8_64x64_64x64_64x64,a5,int8,int8,64,64,64,64,2488,2696,433,,4096,9.459584
tnot,TNOTTest.case_uint8_60x60_64x64_60x60,a5,uint8,uint8,60,60,60,60,2520,2728,409,,3600,8.801956
tnot,TNOTTest.case_int16_64x64_64x64_64x64,a5,int16,int16,64,64,64,64,2682,2892,433,,4096,9.459584
tnot,TNOTTest.case_uint16_60x60_64x64_60x60,a5,uint16,uint16,60,60,60,60,2651,2859,409,,3600,8.801956
tnot,TNOTTest.case_int32_64x64_64x64_64x64,a5,int32,int32,64,64,64,64,3164,3374,433,,4096,9.459584
tnot,TNOTTest.case_uint32_60x60_64x64_60x60,a5,uint32,uint32,60,60,60,60,3008,3218,409,,3600,8.801956
tpack,TPACKTEST.case_fp32_fp16_128x128,a5,fp32_fp16,fp32_fp16,128,128,128,128,5819,6027,943,,16384,17.374337
tpack,TPACKTEST.case_fp32_bf16_128x128,a5,fp32_bf16,fp32_bf16,128,128,128,128,5819,6029,943,,16384,17.374337
tpack,TPACKTEST.case_s32_s16_128x128,a5,s32_s16,s32_s16,128,128,128,128,5819,6027,943,,16384,17.374337
tpack,TPACKTEST.case_u32_u16_128x128,a5,u32_u16,u32_u16,128,128,128,128,5819,6029,943,,16384,17.374337
tpack,TPACKTEST.case_fp32_fp8_128x128,a5,fp32_fp8,fp32_fp8,128,128,128,128,5810,6020,1463,,16384,11.198906
tpack,TPACKTEST.case_s32_s8_128x128,a5,s32_s8,s32_s8,128,128,128,128,5810,6020,1463,,16384,11.198906
tpack,TPACKTEST.case_u32_u8_128x128,a5,u32_u8,u32_u8,128,128,128,128,5810,6018,1463,,16384,11.198906
tpack,TPACKTEST.case_fp16_fp8_128x128,a5,fp16_fp8,fp16_fp8,128,128,128,128,3517,3727,217,,16384,75.502304
tpack,TPACKTEST.case_s16_s8_128x128,a5,s16_s8,s16_s8,128,128,128,128,3517,3727,217,,16384,75.502304
tpack,TPACKTEST.case_u16_u8_128x128,a5,u16_u8,u16_u8,128,128,128,128,3517,3725,217,,16384,75.502304
tpartadd,TPARTADDTest.case_float_64x64_64x64_64x64,a5,float,float,64,64,64,64,3497,3707,160,,4096,25.6
tpartadd,TPARTADDTest.case_float_64x64_8x64_64x64,a5,float,float,64,64,64,64,3454,3664,120,,4096,34.133333
tpartadd,TPARTADDTest.case_float_64x64_64x8_64x64,a5,float,float,64,64,64,64,3592,3802,269,,4096,15.226766
tpartadd,TPARTADDTest.case_float_64x64_64x64_8x64,a5,float,float,64,64,8,64,3454,3664,120,,512,4.266667
tpartadd,TPARTADDTest.case_float_64x64_64x64_64x8,a5,float,float,64,64,64,8,3153,3363,269,,512,1.903346
tpartadd,TPARTADDTest.case_half_8x48_8x16_8x48,a5,half,half,8,48,8,48,2240,2450,93,,384,4.129032
tpartadd,TPARTADDTest.case_half_8x768_8x512_8x768,a5,half,half,8,768,8,768,3136,3346,310,,6144,19.819355
tpartadd,TPARTADDTest.case_int16_8x48_8x48_8x16,a5,int16,int16,8,48,8,16,2233,2441,93,,128,1.376344
tpartadd,TPARTADDTest.case_int32_64x64_8x64_64x64,a5,int32,int32,64,64,64,64,3032,3240,120,,4096,34.133333
tpartmax,TPARTMAXTest.case_fp32_64x64_64x64_64x64,a5,fp32,fp32,64,64,64,64,3660,3868,322,,4096,12.720497
tpartmax,TPARTMAXTest.case_fp32_2x24_2x24_2x8,a5,fp32,fp32,2,24,2,8,2570,2778,93,,16,0.172043
tpartmax,TPARTMAXTest.case_fp32_128x64_128x64_96x64,a5,fp32,fp32,128,64,96,64,5255,5465,509,,6144,12.070727
tpartmax,TPARTMAXTest.case_fp32_95x95_95x95_95x95,a5,fp32,fp32,95,95,95,95,7419,7629,2051,,9025,4.400293
tpartmax,TPARTMAXTest.case_fp32_122x123_104x123_122x110,a5,fp32,fp32,122,123,122,110,9728,9938,2492,,13420,5.385233
tpartmax,TPARTMAXTest.case_s16_122x123_104x123_122x110,a5,s16,s16,122,123,122,110,5974,6184,1556,,13420,8.624679
tpartmax,TPARTMAXTest.case_s32_122x123_104x123_122x110,a5,s32,s32,122,123,122,110,9660,9870,2492,,13420,5.385233
tpartmax,TPARTMAXTest.case_u16_122x123_104x123_122x110,a5,u16,u16,122,123,122,110,5968,6178,1556,,13420,8.624679
tpartmax,TPARTMAXTest.case_u32_122x123_104x123_122x110,a5,u32,u32,122,123,122,110,9672,9880,2492,,13420,5.385233
tpartmax,TPARTMAXTest.case_u8_122x123_104x123_122x110,a5,u8,u8,122,123,122,110,5487,5695,1970,,13420,6.812183
tpartmax,TPARTMAXTest.case_s8_122x123_104x123_122x110,a5,s8,s8,122,123,122,110,5485,5693,1970,,13420,6.812183
tpartmax,TPARTMAXTest.case_fp16_122x123_104x123_122x110,a5,fp16,fp16,122,123,122,110,5961,6169,1556,,13420,8.624679
tpartmax,TPARTMAXTest.case_fp16_5x33_5x33_5x33,a5,fp16,fp16,5,33,5,33,2688,2896,150,,165,1.1
tpartmin,TPARTMINTest.case_fp32_64x64_64x64_64x64,a5,fp32,fp32,64,64,64,64,3660,3870,322,,4096,12.720497
tpartmin,TPARTMINTest.case_fp32_2x24_2x24_2x8,a5,fp32,fp32,2,24,2,8,2570,2780,93,,16,0.172043
tpartmin,TPARTMINTest.case_fp32_128x64_128x64_96x64,a5,fp32,fp32,128,64,96,64,5255,5465,509,,6144,12.070727
tpartmin,TPARTMINTest.case_fp32_95x95_95x95_95x95,a5,fp32,fp32,95,95,95,95,7419,7629,2051,,9025,4.400293
tpartmin,TPARTMINTest.case_fp32_122x123_104x123_122x110,a5,fp32,fp32,122,123,122,110,9728,9938,2492,,13420,5.385233
tpartmin,TPARTMINTest.case_s16_122x123_104x123_122x110,a5,s16,s16,122,123,122,110,5974,6182,1556,,13420,8.624679
tpartmin,TPARTMINTest.case_s32_122x123_104x123_122x110,a5,s32,s32,122,123,122,110,9660,9870,2492,,13420,5.385233
tpartmin,TPARTMINTest.case_u16_122x123_104x123_122x110,a5,u16,u16,122,123,122,110,5968,6178,1556,,13420,8.624679
tpartmin,TPARTMINTest.case_u32_122x123_104x123_122x110,a5,u32,u32,122,123,122,110,10078,10288,2492,,13420,5.385233
tpartmin,TPARTMINTest.case_u8_122x123_104x123_122x110,a5,u8,u8,122,123,122,110,5048,5258,1970,,13420,6.812183
tpartmin,TPARTMINTest.case_s8_122x123_104x123_122x110,a5,s8,s8,122,123,122,110,5509,5717,1970,,13420,6.812183
tpartmin,TPARTMINTest.case_fp16_122x123_104x123_122x110,a5,fp16,fp16,122,123,122,110,5961,6169,1556,,13420,8.624679
tpartmin,TPARTMINTest.case_fp16_5x33_5x33_5x33,a5,fp16,fp16,5,33,5,33,2229,2439,150,,165,1.1
tpartmul,TPARTMULTest.case_float_64x64_64x64_64x64,a5,float,float,64,64,64,64,3497,3705,160,,4096,25.6
tpartmul,TPARTMULTest.case_float_64x64_8x64_64x64,a5,float,float,64,64,64,64,3454,3664,120,,4096,34.133333
tpartmul,TPARTMULTest.case_float_64x64_64x8_64x64,a5,float,float,64,64,64,64,3592,3800,269,,4096,15.226766
tpartmul,TPARTMULTest.case_float_64x64_64x64_8x64,a5,float,float,64,64,8,64,3454,3664,120,,512,4.266667
tpartmul,TPARTMULTest.case_float_64x64_64x64_64x8,a5,float,float,64,64,64,8,3153,3363,269,,512,1.903346
tpartmul,TPARTMULTest.case_half_8x48_8x16_8x48,a5,half,half,8,48,8,48,2241,2451,94,,384,4.085106
tpartmul,TPARTMULTest.case_half_8x768_8x512_8x768,a5,half,half,8,768,8,768,3137,3345,311,,6144,19.755627
tpartmul,TPARTMULTest.case_int16_8x48_8x48_8x16,a5,int16,int16,8,48,8,16,2234,2442,94,,128,1.361702
tpartmul,TPARTMULTest.case_int32_64x64_8x64_64x64,a5,int32,int32,64,64,64,64,3032,3242,120,,4096,34.133333
tquant,TQUANTTEST.case_int8_sym_fp32_64x128_nd,a5,fp32,int8,64,128,64,128,3772,3980,798,,8192,10.265664
tquant,TQUANTTEST.case_int8_sym_fp32_128x128_nd,a5,fp32,int8,128,128,128,128,5896,6106,1535,,16384,10.673616
tquant,TQUANTTEST.case_int8_sym_fp32_256x128_nd,a5,fp32,int8,256,128,256,128,10120,10330,2976,,32768,11.010753
tquant,TQUANTTEST.case_int8_asym_fp32_64x128_nd,a5,fp32,int8,64,128,64,128,3899,4107,863,,8192,9.492468
tquant,TQUANTTEST.case_int8_asym_fp32_128x128_nd,a5,fp32,int8,128,128,128,128,6071,6281,1664,,16384,9.846154
tquant,TQUANTTEST.case_int8_asym_fp32_256x128_nd,a5,fp32,int8,256,128,256,128,10401,10609,3229,,32768,10.148033
tquant,TQUANTTEST.case_mxfp8_fp32_32x32_nd,a5,fp32,mxfp8,32,32,32,32,2298,2506,274,,1024,3.737226
tquant,TQUANTTEST.case_mxfp8_fp32_32x64_nd,a5,fp32,mxfp8,32,64,32,64,2448,2656,263,,2048,7.787072
tquant,TQUANTTEST.case_mxfp8_fp32_64x128_nd,a5,fp32,mxfp8,64,128,64,128,3596,3806,611,,8192,13.407529
tquant,TQUANTTEST.case_mxfp8_fp32_128x128_nd,a5,fp32,mxfp8,128,128,128,128,5506,5714,1082,,16384,15.142329
tquant,TQUANTTEST.case_mxfp8_fp32_32x64_nz,a5,fp32,mxfp8,32,64,32,64,2606,2814,418,,2048,4.899522
tquant,TQUANTTEST.case_mxfp8_fp32_64x128_nz,a5,fp32,mxfp8,64,128,64,128,3818,4026,813,,8192,10.076261
tquant,TQUANTTEST.case_mxfp8_fp32_128x128_nz,a5,fp32,mxfp8,128,128,128,128,5840,6048,1388,,16384,11.804035
tquant,TQUANTTEST.case_mxfp8_fp32_64x256_nz,a5,fp32,mxfp8,64,256,64,256,5719,5929,1288,,16384,12.720497
tquant,TQUANTTEST.case_mxfp8_fp32_64x512_nz,a5,fp32,mxfp8,64,512,64,512,9541,9751,2400,,32768,13.653333
trecip,TRECIPTest.case_float_64x64_64x64_64x64_inPlace,a5,float,float,64,64,64,64,3158,3366,508,,4096,8.062992
trecip,TRECIPTest.case_float_64x64_64x64_64x64,a5,float,float,64,64,64,64,3236,3446,508,,4096,8.062992
trecip,TRECIPTest.case_half_64x64_64x64_64x64_inPlace,a5,half,half,64,64,64,64,2746,2956,512,,4096,8.0
trecip,TRECIPTest.case_half_64x64_64x64_64x64,a5,half,half,64,64,64,64,2688,2896,512,,4096,8.0
trecip,TRECIPTest.case_float_64x64_66x72_64x64,a5,float,float,64,64,64,64,3205,3415,508,,4096,8.062992
trecip,TRECIPTest.case_float_58x70_66x72_58x70,a5,float,float,58,70,58,70,12012,12222,9280,,4060,0.4375
trecip,TRECIPTest.case_float_hp_2x16_2x16_2x16,a5,float_hp,float_hp,2,16,2,16,2763,2973,791,,32,0.040455
trecip,TRECIPTest.case_half_hp_2x32_2x32_2x32,a5,half_hp,half_hp,2,32,2,32,2360,2568,423,,64,0.1513
trelu,TRELUTest.case_int32_64x64_64x64_64x64,a5,int32,int32,64,64,64,64,3099,3307,432,,4096,9.481481
trelu,TRELUTest.case_half_60x60_64x64_60x60,a5,half,half,60,60,60,60,2659,2869,408,,3600,8.823529
trelu,TRELUTest.case_float32_60x60_64x64_60x60,a5,float32,float32,60,60,60,60,3037,3247,408,,3600,8.823529
trowargmax,TROWARGMAXTest.case_uint32_float_8x1_8x8_8x8,a5,uint32_float,uint32_float,8,1,8,8,1932,2140,165,,64,0.387879
trowargmax,TROWARGMAXTest.case_uint32_float_1024x1_1024x8_1024x8,a5,uint32_float,uint32_float,1024,1,1024,8,14350,14558,11342,,8192,0.722271
trowargmax,TROWARGMAXTest.case_uint32_float_16x1_13x16_13x13,a5,uint32_float,uint32_float,16,1,13,13,2174,2382,220,,169,0.768182
trowargmax,TROWARGMAXTest.case_uint32_float_1024x1_1023x24_1023x17,a5,uint32_float,uint32_float,1024,1,1023,17,16836,17044,12353,,17391,1.407836
trowargmax,TROWARGMAXTest.case_uint32_float_8x1_8x64_8x64,a5,uint32_float,uint32_float,8,1,8,64,2203,2411,157,,512,3.261146
trowargmax,TROWARGMAXTest.case_uint32_float_264x1_260x64_260x64,a5,uint32_float,uint32_float,264,1,260,64,7068,7278,2939,,16640,5.66179
trowargmax,TROWARGMAXTest.case_uint32_float_8x1_1x128_1x128,a5,uint32_float,uint32_float,8,1,1,128,2057,2267,90,,128,1.422222
trowargmax,TROWARGMAXTest.case_uint32_float_64x1_32x128_32x128,a5,uint32_float,uint32_float,64,1,32,128,2901,3111,501,,4096,8.175649
trowargmax,TROWARGMAXTest.case_uint32_float_8x1_3x4096_3x4095,a5,uint32_float,uint32_float,8,1,3,4095,5057,5265,1141,,12285,10.766871
trowargmax,TROWARGMAXTest.case_uint32_float_8x1_2x16384_2x16381,a5,uint32_float,uint32_float,8,1,2,16381,8997,9205,2831,,32762,11.572589
trowargmax,TROWARGMAXTest.case_uint32_half_16x1_2x16_2x16,a5,uint32_half,uint32_half,16,1,2,16,1973,2181,99,,32,0.323232
trowargmax,TROWARGMAXTest.case_uint32_half_16x1_13x16_13x13,a5,uint32_half,uint32_half,16,1,13,13,2157,2365,220,,169,0.768182
trowargmax,TROWARGMAXTest.case_uint32_half_272x1_260x64_260x64,a5,uint32_half,uint32_half,272,1,260,64,5889,6099,2938,,16640,5.663717
trowargmax,TROWARGMAXTest.case_uint32_half_16x1_3x8192_3x8191,a5,uint32_half,uint32_half,16,1,3,8191,4556,4764,1183,,24573,20.771767
trowargmax,TROWARGMAXTest.case_uint32_half_16x1_1x16384_1x16381,a5,uint32_half,uint32_half,16,1,1,16381,3801,4011,809,,16381,20.248455
trowargmax,TROWARGMAXTest.case_uint32_half_16x1_1x32768_1x32761,a5,uint32_half,uint32_half,16,1,1,32761,5475,5683,1527,,32761,21.454486
trowargmax,TROWARGMAXTest.case_int32_float_16x1_13x16_13x13,a5,int32_float,int32_float,16,1,13,13,2236,2444,220,,169,0.768182
trowargmax,TROWARGMAXTest.case_int32_half_16x1_13x16_13x13,a5,int32_half,int32_half,16,1,13,13,2179,2389,220,,169,0.768182
trowargmax,TROWARGMAXTest.case_uint32_float_3x8_3x3480_3x3473,a5,uint32_float,uint32_float,3,8,3,3473,4339,4549,996,,10419,10.460843
trowargmax,TROWARGMAXTest.case_uint32_float_260x8_260x64_260x64,a5,uint32_float,uint32_float,260,8,260,64,7914,8124,2939,,16640,5.66179
trowargmax,TROWARGMAXTest.case_uint32_float_1023x8_1023x24_1023x17,a5,uint32_float,uint32_float,1023,8,1023,17,20408,20616,12353,,17391,1.407836
trowargmax,TROWARGMAXTest.case_uint32_half_3x16_3x3488_3x3473,a5,uint32_half,uint32_half,3,16,3,3473,3138,3348,559,,10419,18.63864
trowargmax,TROWARGMAXTest.case_uint32_half_260x16_260x64_260x64,a5,uint32_half,uint32_half,260,16,260,64,6827,7037,2938,,16640,5.663717
trowargmax,TROWARGMAXTest.case_uint32_half_1023x16_1023x32_1023x17,a5,uint32_half,uint32_half,1023,16,1023,17,18854,19064,11331,,17391,1.534816
trowargmin,TROWARGMINTest.case_uint32_float_8x1_8x8_8x8,a5,uint32_float,uint32_float,8,1,8,8,1932,2140,165,,64,0.387879
trowargmin,TROWARGMINTest.case_uint32_float_1024x1_1024x8_1024x8,a5,uint32_float,uint32_float,1024,1,1024,8,14350,14558,11342,,8192,0.722271
trowargmin,TROWARGMINTest.case_uint32_float_16x1_13x16_13x13,a5,uint32_float,uint32_float,16,1,13,13,2174,2384,220,,169,0.768182
trowargmin,TROWARGMINTest.case_uint32_float_1024x1_1023x24_1023x17,a5,uint32_float,uint32_float,1024,1,1023,17,16836,17046,12353,,17391,1.407836
trowargmin,TROWARGMINTest.case_uint32_float_8x1_8x64_8x64,a5,uint32_float,uint32_float,8,1,8,64,2203,2411,157,,512,3.261146
trowargmin,TROWARGMINTest.case_uint32_float_264x1_260x64_260x64,a5,uint32_float,uint32_float,264,1,260,64,7068,7278,2939,,16640,5.66179
trowargmin,TROWARGMINTest.case_uint32_float_8x1_1x128_1x128,a5,uint32_float,uint32_float,8,1,1,128,2057,2265,90,,128,1.422222
trowargmin,TROWARGMINTest.case_uint32_float_64x1_32x128_32x128,a5,uint32_float,uint32_float,64,1,32,128,2901,3111,501,,4096,8.175649
trowargmin,TROWARGMINTest.case_uint32_float_8x1_3x4096_3x4095,a5,uint32_float,uint32_float,8,1,3,4095,5057,5265,1141,,12285,10.766871
trowargmin,TROWARGMINTest.case_uint32_float_8x1_2x16384_2x16381,a5,uint32_float,uint32_float,8,1,2,16381,8997,9205,2831,,32762,11.572589
trowargmin,TROWARGMINTest.case_uint32_half_16x1_2x16_2x16,a5,uint32_half,uint32_half,16,1,2,16,1973,2181,99,,32,0.323232
trowargmin,TROWARGMINTest.case_uint32_half_16x1_13x16_13x13,a5,uint32_half,uint32_half,16,1,13,13,2157,2365,220,,169,0.768182
trowargmin,TROWARGMINTest.case_uint32_half_272x1_260x64_260x64,a5,uint32_half,uint32_half,272,1,260,64,5889,6097,2938,,16640,5.663717
trowargmin,TROWARGMINTest.case_uint32_half_16x1_3x8192_3x8191,a5,uint32_half,uint32_half,16,1,3,8191,4556,4766,1183,,24573,20.771767
trowargmin,TROWARGMINTest.case_uint32_half_16x1_1x16384_1x16381,a5,uint32_half,uint32_half,16,1,1,16381,3801,4009,809,,16381,20.248455
trowargmin,TROWARGMINTest.case_uint32_half_16x1_1x32768_1x32761,a5,uint32_half,uint32_half,16,1,1,32761,5475,5685,1527,,32761,21.454486
trowargmin,TROWARGMINTest.case_int32_float_16x1_13x16_13x13,a5,int32_float,int32_float,16,1,13,13,2236,2446,220,,169,0.768182
trowargmin,TROWARGMINTest.case_int32_half_16x1_13x16_13x13,a5,int32_half,int32_half,16,1,13,13,2179,2389,220,,169,0.768182
trowargmin,TROWARGMINTest.case_uint32_float_3x8_3x3480_3x3473,a5,uint32_float,uint32_float,3,8,3,3473,4339,4549,996,,10419,10.460843
trowargmin,TROWARGMINTest.case_uint32_float_260x8_260x64_260x64,a5,uint32_float,uint32_float,260,8,260,64,7914,8122,2939,,16640,5.66179
trowargmin,TROWARGMINTest.case_uint32_float_1023x8_1023x24_1023x17,a5,uint32_float,uint32_float,1023,8,1023,17,20408,20616,12353,,17391,1.407836
trowargmin,TROWARGMINTest.case_uint32_half_3x16_3x3488_3x3473,a5,uint32_half,uint32_half,3,16,3,3473,3138,3346,559,,10419,18.63864
trowargmin,TROWARGMINTest.case_uint32_half_260x16_260x64_260x64,a5,uint32_half,uint32_half,260,16,260,64,6827,7037,2938,,16640,5.663717
trowargmin,TROWARGMINTest.case_uint32_half_1023x16_1023x32_1023x17,a5,uint32_half,uint32_half,1023,16,1023,17,18854,19064,11331,,17391,1.534816
tsels,TSELSTest.case_uint8_uint8_2x32_2x32_2x32_2x32,a5,uint8_uint8,uint8_uint8,2,32,2,32,2084,2292,63,,64,1.015873
tsels,TSELSTest.case_uint8_uint16_2x32_2x16_2x32_2x32,a5,uint8_uint16,uint8_uint16,2,32,2,32,2083,2293,63,,64,1.015873
tsels,TSELSTest.case_uint8_uint32_2x32_2x8_2x32_2x32,a5,uint8_uint32,uint8_uint32,2,32,2,32,2150,2360,63,,64,1.015873
tsels,TSELSTest.case_uint16_uint8_2x16_2x32_2x16_2x16,a5,uint16_uint8,uint16_uint8,2,16,2,16,2159,2367,63,,32,0.507937
tsels,TSELSTest.case_uint16_uint16_2x16_2x16_2x16_2x16,a5,uint16_uint16,uint16_uint16,2,16,2,16,2396,2604,63,,32,0.507937
tsels,TSELSTest.case_uint16_uint32_2x16_2x8_2x16_2x16,a5,uint16_uint32,uint16_uint32,2,16,2,16,2273,2483,63,,32,0.507937
tsels,TSELSTest.case_uint32_uint8_2x8_2x32_2x8_2x8,a5,uint32_uint8,uint32_uint8,2,8,2,8,2127,2337,64,,16,0.25
tsels,TSELSTest.case_uint32_uint16_2x8_2x16_2x8_2x8,a5,uint32_uint16,uint32_uint16,2,8,2,8,2127,2337,64,,16,0.25
tsels,TSELSTest.case_uint32_uint32_2x8_2x8_2x8_2x8,a5,uint32_uint32,uint32_uint32,2,8,2,8,2127,2335,64,,16,0.25
tsels,TSELSTest.case_half_uint8_2x16_2x32_2x16_2x16,a5,half_uint8,half_uint8,2,16,2,16,2272,2480,63,,32,0.507937
tsels,TSELSTest.case_half_uint16_2x16_2x16_2x16_2x16,a5,half_uint16,half_uint16,2,16,2,16,2135,2345,63,,32,0.507937
tsels,TSELSTest.case_half_uint32_2x16_2x8_2x16_2x16,a5,half_uint32,half_uint32,2,16,2,16,2170,2378,63,,32,0.507937
tsels,TSELSTest.case_float_uint8_2x8_2x32_2x8_2x8,a5,float_uint8,float_uint8,2,8,2,8,2166,2374,64,,16,0.25
tsels,TSELSTest.case_float_uint16_2x8_2x16_2x8_2x8,a5,float_uint16,float_uint16,2,8,2,8,2165,2375,64,,16,0.25
tsels,TSELSTest.case_float_uint32_2x8_2x8_2x8_2x8,a5,float_uint32,float_uint32,2,8,2,8,2164,2372,64,,16,0.25
tsels,TSELSTest.case_uint8_uint8_2x32_2x64_2x128_2x31,a5,uint8_uint8,uint8_uint8,2,32,2,31,2127,2337,63,,62,0.984127
tsels,TSELSTest.case_uint16_uint8_2x32_2x64_2x128_2x31,a5,uint16_uint8,uint16_uint8,2,32,2,31,2117,2327,63,,62,0.984127
tsels,TSELSTest.case_float_uint8_2x32_2x64_2x128_2x31,a5,float_uint8,float_uint8,2,32,2,31,2118,2328,65,,62,0.953846
tsels,TSELSTest.case_uint8_uint8_32x672_32x96_32x672_32x666,a5,uint8_uint8,uint8_uint8,32,672,32,666,3477,3687,309,,21312,68.970874
tsels,TSELSTest.case_half_uint8_32x672_32x96_32x672_32x666,a5,half_uint8,half_uint8,32,672,32,666,5508,5718,420,,21312,50.742857
tsels,TSELSTest.case_float_uint8_32x672_32x96_32x672_32x666,a5,float_uint8,float_uint8,32,672,32,666,8214,8424,754,,21312,28.265252
tsels,TSELSTest.case_float_uint8_1x8192_1x4096_1x8192_1x8192,a5,float_uint8,float_uint8,1,8192,1,8192,4327,4537,304,,8192,26.947368
tshls,TSHLSTest.case_int16_64x64_64x64_64x64,a5,int16,int16,64,64,64,64,2739,2949,433,,4096,9.459584
tshls,TSHLSTest.case_int16_32x128_32x128_32x128,a5,int16,int16,32,128,32,128,3023,3231,241,,4096,16.995851
tshls,TSHLSTest.case_int16_32x112_32x128_32x111,a5,int16,int16,32,112,32,111,3014,3224,241,,3552,14.738589
tshls,TSHLSTest.case_uint16_64x64_64x64_64x64,a5,uint16,uint16,64,64,64,64,3206,3416,433,,4096,9.459584
tshls,TSHLSTest.case_uint16_32x128_32x128_32x128,a5,uint16,uint16,32,128,32,128,3012,3220,241,,4096,16.995851
tshls,TSHLSTest.case_uint16_32x112_32x128_32x111,a5,uint16,uint16,32,112,32,111,2999,3207,241,,3552,14.738589
tshrs,TSHRSTest.case_int16_64x64_64x64_64x64,a5,int16,int16,64,64,64,64,2739,2949,433,,4096,9.459584
tshrs,TSHRSTest.case_int16_32x128_32x128_32x128,a5,int16,int16,32,128,32,128,3023,3231,241,,4096,16.995851
tshrs,TSHRSTest.case_int16_32x112_32x128_32x111,a5,int16,int16,32,112,32,111,3014,3222,241,,3552,14.738589
tshrs,TSHRSTest.case_uint16_64x64_64x64_64x64,a5,uint16,uint16,64,64,64,64,3206,3416,433,,4096,9.459584
tshrs,TSHRSTest.case_uint16_32x128_32x128_32x128,a5,uint16,uint16,32,128,32,128,3012,3220,241,,4096,16.995851
tshrs,TSHRSTest.case_uint16_32x112_32x128_32x111,a5,uint16,uint16,32,112,32,111,2999,3207,241,,3552,14.738589
tsub,TSUBTest.case_float_64x64_64x64_64x64_64x64,a5,float,float,64,64,64,64,3793,4001,435,,4096,9.416092
tsub,TSUBTest.case_int32_64x64_64x64_64x64_64x64,a5,int32,int32,64,64,64,64,3757,3967,435,,4096,9.416092
tsub,TSUBTest.case_int16_64x64_64x64_64x64_64x64,a5,int16,int16,64,64,64,64,3034,3242,435,,4096,9.416092
tsub,TSUBTest.case_half_16x256_16x256_16x256_16x256,a5,half,half,16,256,16,256,2670,2880,163,,4096,25.128834
tsub,TSUBTest.case_half_16x64_16x128_16x128_16x64,a5,half,half,16,64,16,64,2672,2880,147,,1024,6.965986
tsub,TSUBTest.case_float_16x32_16x64_16x32_16x32,a5,float,float,16,32,16,32,2580,2790,147,,512,3.482993
tsub,TSUBTest.case_int16_32x128_32x128_32x256_32x128,a5,int16,int16,32,128,32,128,2781,2989,242,,4096,16.92562
tsub,TSUBTest.case_int32_16x32_16x64_16x32_16x32,a5,int32,int32,16,32,16,32,2135,2345,147,,512,3.482993
tsub,TSUBTest.case_half_16x64_16x128_16x128_16x63,a5,half,half,16,64,16,63,2277,2487,148,,1008,6.810811
tsub,TSUBTest.case_float_16x32_16x64_16x32_16x31,a5,float,float,16,32,16,31,2276,2486,147,,496,3.37415
tsub,TSUBTest.case_int16_32x128_32x128_32x256_32x127,a5,int16,int16,32,128,32,127,2731,2941,242,,4064,16.793388
tsub,TSUBTest.case_int32_16x32_16x64_16x32_16x31,a5,int32,int32,16,32,16,31,2276,2486,147,,496,3.37415
ttrans,TTRANSTest.case_float_8x8_2x8_2x8,a5,float,float,8,8,2,8,2158,2368,70,,16,0.228571
ttrans,TTRANSTest.case_half_16x16_16x16_16x16,a5,half,half,16,16,16,16,2415,2623,187,,256,1.368984
ttrans,TTRANSTest.case_float_16x32_32x16_31x15,a5,float,float,16,32,31,15,2482,2690,332,,465,1.400602
ttrans,TTRANSTest.case_half_32x32_32x32_31x31,a5,half,half,32,32,31,31,2888,3098,739,,961,1.300406
ttrans,TTRANSTest.case_float_8x8_4x8_4x8,a5,float,float,8,8,4,8,2536,2744,97,,32,0.329897
ttrans,TTRANSTest.case_float_512x16_9x512_9x512,a5,float,float,512,16,9,512,6855,7065,2512,,4608,1.834395
ttrans,TTRANSTest.case_float_66x88_9x16_7x15,a5,float,float,66,88,7,15,2585,2795,458,,105,0.229258
ttrans,TTRANSTest.case_float_16x32_32x16_23x15,a5,float,float,16,32,23,15,2487,2695,272,,345,1.268382
ttrans,TTRANSTest.case_float_128x64_64x128_27x77,a5,float,float,128,64,27,77,4552,4760,2265,,2079,0.917881
ttrans,TTRANSTest.case_half_64x112_100x64_64x64,a5,half,half,64,112,64,64,6644,6854,4287,,4096,0.955447
ttrans,TTRANSTest.case_half_64x128_128x64_64x64,a5,half,half,64,128,64,64,7083,7293,4287,,4096,0.955447
ttrans,TTRANSTest.case_half_64x128_128x64_100x64,a5,half,half,64,128,100,64,9565,9775,6527,,6400,0.980542
ttrans,TTRANSTest.case_float_32x512_512x32_512x2,a5,float,float,32,512,512,2,4229,4439,1103,,1024,0.928377
ttrans,TTRANSTest.case_float_16x8_1x16_1x16,a5,float,float,16,8,1,16,2213,2421,64,,16,0.25
ttrans,TTRANSTest.case_float_64x64_64x64_36x64,a5,float,float,64,64,36,64,4783,4993,2431,,2304,0.947758
ttrans,TTRANSTest.case_float_8x8_8x8_8x8,a5,float,float,8,8,8,8,2700,2908,130,,64,0.492308
ttrans,TTRANSTest.case_uint8_32x32_32x32_32x32,a5,uint8,uint8,32,32,32,32,2537,2747,382,,1024,2.680628
ttrans,TTRANSTest.case_uint8_64x64_64x64_22x63,a5,uint8,uint8,64,64,22,63,3109,3317,882,,1386,1.571429
ttrans,TTRANSTest.case_float_8x8_1x8_1x8,a5,float,float,8,8,1,8,2177,2385,62,,8,0.129032
ttrans,TTRANSTest.case_float_128x128_128x128_100x100,a5,float,float,128,128,100,100,14663,14871,10268,,10000,0.973899
ttrans,TTRANSTest.case_float_8x256_256x8_256x8,a5,float,float,8,256,256,8,3234,3442,948,,2048,2.160338
ttrans,TTRANSTest.case_float_8x512_512x8_512x8,a5,float,float,8,512,512,8,3929,4137,1152,,4096,3.555556
ttrans,TTRANSTest.case_float_256x8_8x256_8x256,a5,float,float,256,8,8,256,2880,3090,604,,2048,3.390728
ttrans,TTRANSTest.case_half_16x256_256x16_256x16,a5,half,half,16,256,256,16,3885,4095,1118,,4096,3.663685
ttrans,TTRANSTest.case_uint8_64x256_256x64_200x60,a5,uint8,uint8,64,256,200,60,8742,8952,6185,,12000,1.940178
ttrans,TTRANSTest.case_float_8x536_532x8_532x8,a5,float,float,8,536,532,8,4035,4245,1214,,4256,3.505766
ttrans,TTRANSTest.case_float_8x624_618x8_618x8,a5,float,float,8,624,618,8,4908,5118,1385,,4944,3.569675
ttrans,TTRANSTest.case_float_8x536_532x8_400x4,a5,float,float,8,536,400,4,3293,3501,495,,1600,3.232323
ttrans,TTRANSTest.case_float_8x640_640x8_640x8,a5,float,float,8,640,640,8,4971,5179,1425,,5120,3.592982
ttrans,TTRANSTest.case_float_8x1024_1024x8_1024x8,a5,float,float,8,1024,1024,8,6121,6329,2242,,8192,3.65388
ttrans,TTRANSTest.case_float_8x4096_4096x8_4096x8,a5,float,float,8,4096,4096,8,19704,19912,8783,,32768,3.730844
ttrans,TTRANSTest.case_float_8x2048_2048x8_1500x4,a5,float,float,8,2048,1500,4,7153,7361,1665,,6000,3.603604
ttrans,TTRANSTest.case_float_8x520_513x8_513x8,a5,float,float,8,520,513,8,3987,4197,1189,,4104,3.45164
ttrans,TTRANSTest.case_float_8x448_448x8_300x6,a5,float,float,8,448,300,6,3249,3457,543,,1800,3.314917
ttrans,TTRANSTest.case_float_1024x8_1x1024_1x1024,a5,float,float,1024,8,1,1024,6415,6623,320,,1024,3.2
ttrans,TTRANSTest.case_float_512x8_2x512_2x512,a5,float,float,512,8,2,512,4667,4875,323,,1024,3.170279
ttrans,TTRANSTest.case_float_2048x8_8x2048_8x2048,a5,float,float,2048,8,8,2048,10958,11168,4857,,16384,3.373276
ttrans,TTRANSTest.case_float_176x176_176x176_150x150,a5,float,float,176,176,150,150,19708,19918,11927,,22500,1.886476
ttrans,TTRANSTest.case_float_256x64_64x256_50x200,a5,float,float,256,64,50,200,15255,15463,10643,,10000,0.939585
ttrans,TTRANSTest.case_half_16x512_512x16_512x16,a5,half,half,16,512,512,16,5489,5699,2176,,8192,3.764706
ttrans,TTRANSTest.case_half_16x2064_2064x16_2064x16,a5,half,half,16,2064,2064,16,14734,14944,8615,,33024,3.833314
ttrans,TTRANSTest.case_half_512x16_16x512_10x400,a5,half,half,512,16,10,400,9238,9448,5111,,4000,0.782626
ttrans,TTRANSTest.case_half_128x128_128x128_128x128,a5,half,half,128,128,128,128,20463,20673,16577,,16384,0.988357
ttrans,TTRANSTest.case_uint8_32x1024_1024x32_1024x32,a5,uint8,uint8,32,1024,1024,32,12887,13095,8524,,32768,3.844205
ttrans,TTRANSTest.case_uint8_1024x32_32x1024_32x1024,a5,uint8,uint8,1024,32,32,1024,45649,45857,41716,,32768,0.785502
ttrans,TTRANSTest.case_uint8_64x128_128x64_100x50,a5,uint8,uint8,64,128,100,50,5156,5366,2879,,5000,1.736714
ttrans,TTRANSTest.case_float_8x64_64x8_1x1,a5,float,float,8,64,1,1,2194,2404,79,,1,0.012658
ttrans,TTRANSTest.case_float_8x16_16x8_16x1,a5,float,float,8,16,16,1,2100,2308,82,,16,0.195122
ttri,TTRITest.case_fp16_20x32_lower_diag_0,a5,fp16,fp16,20,32,20,32,2087,2295,622,,640,1.028939
ttri,TTRITest.case_uint8_20x32_lower_diag_0,a5,uint8,uint8,20,32,20,32,2198,2408,675,,640,0.948148
ttri,TTRITest.case_float_32x91_lower_diag_0,a5,float,float,32,91,32,91,2631,2841,968,,2912,3.008264
ttri,TTRITest.case_float_128x128_lower_diag_0,a5,float,float,128,128,128,128,5976,6184,2504,,16384,6.543131
ttri,TTRITest.case_float_32x91_lower_diag_3,a5,float,float,32,91,32,91,2631,2839,968,,2912,3.008264
ttri,TTRITest.case_float_128x128_lower_diag_3,a5,float,float,128,128,128,128,5976,6186,2504,,16384,6.543131
ttri,TTRITest.case_float_32x91_lower_diag_n3,a5,float,float,32,91,32,91,2604,2814,941,,2912,3.09458
ttri,TTRITest.case_float_128x128_lower_diag_n3,a5,float,float,128,128,128,128,5949,6159,2477,,16384,6.614453
ttri,TTRITest.case_float_32x91_upper_diag_0,a5,float,float,32,91,32,91,2613,2823,959,,2912,3.036496
ttri,TTRITest.case_float_128x128_upper_diag_0,a5,float,float,128,128,128,128,5879,6089,2507,,16384,6.535301
ttri,TTRITest.case_float_32x91_upper_diag_3,a5,float,float,32,91,32,91,2622,2830,968,,2912,3.008264
ttri,TTRITest.case_float_128x128_upper_diag_3,a5,float,float,128,128,128,128,5888,6096,2516,,16384,6.511924
ttri,TTRITest.case_float_32x91_upper_diag_n3,a5,float,float,32,91,32,91,2586,2796,932,,2912,3.124464
ttri,TTRITest.case_float_128x128_upper_diag_n3,a5,float,float,128,128,128,128,5852,6060,2480,,16384,6.606452
ttri,TTRITest.case_float_763x32_lower_diag_n41,a5,float,float,763,32,763,32,10728,10938,6289,,24416,3.882334
ttri,TTRITest.case_float_763x32_upper_diag_n41,a5,float,float,763,32,763,32,10719,10927,6282,,24416,3.88666
