symbol,profile_kind,fp16_startup,fp16_slope,fp32_startup,fp32_slope,integer_startup,integer_slope,startup,slope,fill,decay,valid_repeat_max,serialize_every_call
kVcmpvGeProfile,linear,10.0,2.0,10.0,2.0,,,,,,,,
kVcmpvGtProfile,linear,3.0,1.0,3.0,1.0,,,,,,,,
kVcmpvLeProfile,linear,10.0,2.0,10.0,2.0,,,,,,,,
kVcmpvLtIntegerProfile,linear,5.016293,1.000911,5.016293,1.000911,,,,,,,,
kVcmpvLtFloatingProfile,linear,3.0,1.0,3.0,1.0,,,,,,,,
kVcmpvNeProfile,linear,10.0,2.0,10.0,2.0,,,,,,,,
kVcmpvsEqProfile,linear,3.0,1.0,3.0,1.0,,,,,,,,
kVcmpvsGeProfile,linear,12.0,1.0,12.0,1.0,,,,,,,,
kVcmpvsGtProfile,linear,12.0,1.0,12.0,1.0,,,,,,,,
kVcmpvsLeProfile,linear,12.0,1.0,12.0,1.0,,,,,,,,
kVcmpvsLtProfile,linear,12.0,1.0,12.0,1.0,,,,,,,,
kVcmpvsNeProfile,linear,12.0,1.0,12.0,1.0,,,,,,,,
kScatterVnchwconvB16Profile,linear,9.025814,24.001344,9.025814,24.001344,,,,,,,,
kScatterVnchwconvB32Profile,linear,9.025814,24.001344,9.025814,24.001344,,,,,,,,
kScatterVnchwconvB8ReuseProfile,linear,11.034115,46.000395,11.034115,46.000395,,,,,,,,
kScatterVnchwconvB8StridedProfile,linear,18.388306,40.003055,18.388306,40.003055,,,,,,,,
kVabsProfile,linear,4.0,1.0,4.0,1.0,,,,,,,,
kVaddProfile,integer_linear,5.934212,2.065788,5.933726,2.066274,4.985765,2.000853,,,,,,
kVaddsProfile,integer_linear,6.0,1.0,6.0,1.0,5.010874,1.000947,,,,,,
kVandProfile,linear,2.059771,1.999717,2.059771,1.999717,,,,,,,,
kVaxpyProfile,linear,18.0,2.0,18.0,2.0,,,,,,,,
kVbitsortProfile,linear,8.0,4.0,8.0,4.0,,,,,,,,
kVbrcbProfile,linear,1.0,1.0,1.0,1.0,,,,,,,,
kVcaddProfile,linear,23.0,7.0,20.0,7.0,,,,,,,,
kVcgaddProfile,linear,15.0,7.0,12.0,1.0,,,,,,,,
kVcgmaxProfile,linear,6.0,7.0,5.0,1.0,,,,,,,,
kVcgminProfile,linear,6.0,7.0,5.0,1.0,,,,,,,,
kVcmaxProfile,linear,9.0,7.0,8.0,7.0,,,,,,,,
kVcminProfile,linear,9.0,7.0,8.0,7.0,,,,,,,,
kVcopyProfile,linear,13.0,1.0,0.936906,1.063094,,,,,,,,
kVdivProfile,linear,13.0,8.0,13.0,4.0,,,,,,,,
kVectorDupProfile,linear,1.0,1.0,1.0,1.0,,,,,,,,
kVexpProfile,linear,12.011812,3.988188,12.0,2.0,,,,,,,,
kVgatherProfile,linear,6.635214,24.008236,4.965026,12.000331,,,,,,,,
kVlnProfile,linear,13.985971,4.014029,14.0,2.0,,,,,,,,
kVlreluProfile,linear,7.0,1.0,7.0,1.0,,,,,,,,
kVmaxProfile,integer_linear,4.0,2.0,4.0,2.0,4.985765,2.000853,,,,,,
kVmaxsProfile,integer_linear,4.0,1.0,4.0,1.0,5.010874,1.000947,,,,,,
kVminProfile,integer_linear,4.0,2.0,4.0,2.0,4.985765,2.000853,,,,,,
kVminsProfile,integer_linear,4.0,1.0,4.0,1.0,5.010874,1.000947,,,,,,
kVmrgsort4Profile,linear,8.0,6.0,8.0,6.0,,,,,,,,
kVmulProfile,integer_linear,6.865515,2.134485,6.868098,2.131902,6.106646,1.999717,,,,,,
kVmaddProfile,linear,11.021485,6.000879,11.021485,6.000879,,,,,,,,
kVmlaAccumulatorAliasProfile,linear,11.100439,3.999784,11.100439,3.999784,,,,,,,,
kVmlaSeparateOperandsProfile,linear,11.017372,6.000241,11.017372,6.000241,,,,,,,,
kVmulsProfile,integer_linear,7.0,1.0,7.0,1.0,6.045203,0.999906,,,,,,
kVnotProfile,linear,2.088006,0.999735,2.088006,0.999735,,,,,,,,
kVorProfile,linear,2.059771,1.999717,2.059771,1.999717,,,,,,,,
kVreducev2Profile,linear,-2.0,14.0,-2.0,14.0,,,,,,,,
kVreluProfile,linear,4.0,1.0,4.0,1.0,,,,,,,,
kVrsqrtProfile,linear,4.791896,1.064811,4.791896,1.064811,,,,,,,,
kVcmpGeProfile,linear,10.0,2.0,10.0,2.0,,,,,,,,
kVcmpLeProfile,linear,11.0,2.0,11.0,2.0,,,,,,,,
kVselTensorScalarProfile,linear,1.905969,1.063258,1.903226,1.029961,,,,,,,,
kVselCmpMaskProfile,linear,5.0,2.0,5.0,2.0,,,,,,,,
kVshlProfile,linear,6.045203,0.999906,6.045203,0.999906,,,,,,,,
kVshrProfile,linear,6.045203,0.999906,6.045203,0.999906,,,,,,,,
kVsqrtProfile,linear,13.0,4.0,13.0,2.0,,,,,,,,
kVsubProfile,integer_linear,5.934157,2.065843,5.935091,2.064909,4.985765,2.000853,,,,,,
kVconvBf162f32Profile,linear,6.0,2.0,6.0,2.0,,,,,,,,
kVconvDeqProfile,linear,7.0,1.0,7.0,1.0,,,,,,,,
kVconvF162f32Profile,linear,5.0,2.0,6.0,1.0,,,,,,,,
kVconvF162s32aProfile,linear,5.010874,1.000947,5.010874,1.000947,,,,,,,,
kVconvF162s32cProfile,linear,5.010874,1.000947,5.010874,1.000947,,,,,,,,
kVconvF162s32fProfile,linear,5.010874,1.000947,5.010874,1.000947,,,,,,,,
kVconvF162s32rProfile,linear,5.010874,1.000947,5.010874,1.000947,,,,,,,,
kVconvF162s32zProfile,linear,5.010874,1.000947,5.010874,1.000947,,,,,,,,
kVconvF162s8rProfile,exp_fill,,,,,,,26.75,1.5139,6.55,4.76,128,false
kVconvF322bf16aProfile,exp_fill,,,,,,,3.18969629639,1.5323996238,7.29569981045,7.84302159992,0,false
kVconvF322bf16cProfile,exp_fill,,,,,,,3.03019185592,1.53319991498,7.34550694743,8.27164169992,0,false
kVconvF322bf16fProfile,exp_fill,,,,,,,3.03019185592,1.53319991498,7.34550694743,8.27164169992,0,false
kVconvF322bf16rProfile,exp_fill,,,,,,,3.03019185592,1.53319991498,7.34550694743,8.27164169992,0,false
kVconvF322bf16zProfile,exp_fill,,,,,,,3.03019185592,1.53319991498,7.34550694743,8.27164169992,0,false
kVconvF322f16Profile,exp_fill,,,,,,,-9.83278980605,1.0,14.3148137545,20.7763498993,0,true
kVconvF322f16aProfile,exp_fill,,,,,,,-10.04731634734,1.0,14.5320682728,20.9559502406,0,true
kVconvF322f16cProfile,exp_fill,,,,,,,-9.83278980605,1.0,14.3148137545,20.7763498993,0,true
kVconvF322f16fProfile,exp_fill,,,,,,,-9.83278980605,1.0,14.3148137545,20.7763498993,0,true
kVconvF322f16oProfile,linear,4.0,1.0,4.0,1.0,,,,,,,,
kVconvF322f16rProfile,exp_fill,,,,,,,-9.83278980605,1.0,14.3148137545,20.7763498993,0,true
kVconvF322f16zProfile,exp_fill,,,,,,,-9.83278980605,1.0,14.3148137545,20.7763498993,0,true
kVconvF322s32rProfile,linear,6.0,1.0,6.0,1.0,,,,,,,,
kVconvS322f32Profile,linear,9.0,1.0,9.0,1.0,,,,,,,,
kVconvS322f32aProfile,linear,9.0,1.0,9.0,1.0,,,,,,,,
kVconvS322f32cProfile,linear,9.0,1.0,9.0,1.0,,,,,,,,
kVconvS322f32fProfile,linear,9.0,1.0,9.0,1.0,,,,,,,,
kVconvS322f32rProfile,linear,9.0,1.0,9.0,1.0,,,,,,,,
kVconvS322f32zProfile,linear,9.0,1.0,9.0,1.0,,,,,,,,
