producer,consumer,cycles
VADDS.fp32,VADDS.fp32,3
VADDS.fp32,VMULS.fp32,3
VADDS.fp32,VADD.fp32,3
VADDS.fp32,VEXP.fp32,4
VADDS.fp32,VDIV.fp32,4
VADDS.fp32,VABS.fp32,4
VADDS.fp32,VSUB.fp32,3
VADDS.fp32,VMUL.fp32,3
VADDS.fp32,VMAXS.fp32,3
VADDS.fp32,VMINS.fp32,3
VADDS.fp32,VMAX.fp32,3
VADDS.fp32,VMIN.fp32,3
VADDS.fp32,VCMAX.fp32,3
VADDS.fp32,VCMIN.fp32,3
VADDS.fp32,VDUP.fp32,4
VADDS.fp32,VSTS.fp32,5
VADDS.fp32,VAND.fp32,3
VADDS.fp32,VCGMAX.fp32,3
VADDS.fp32,VCMP_EQ.fp32,3
VADDS.fp32,VSEL.fp32,5
VADDS.fp32,VSHLS.fp32,3
VADDS.fp32,VSHRS.fp32,3
VADDS.fp32,VCVT_F32_TO_F16.f32_to_f16,3
VADDS.fp32,VCVT_F32_TO_S32.f32_to_s32,3
VMULS.fp32,VADDS.fp32,4
VMULS.fp32,VMULS.fp32,4
VMULS.fp32,VADD.fp32,4
VMULS.fp32,VEXP.fp32,5
VMULS.fp32,VDIV.fp32,5
VMULS.fp32,VABS.fp32,5
VMULS.fp32,VSUB.fp32,4
VMULS.fp32,VMUL.fp32,4
VMULS.fp32,VMAXS.fp32,4
VMULS.fp32,VMINS.fp32,4
VMULS.fp32,VMAX.fp32,4
VMULS.fp32,VMIN.fp32,4
VMULS.fp32,VCMAX.fp32,4
VMULS.fp32,VCMIN.fp32,4
VMULS.fp32,VDUP.fp32,5
VMULS.fp32,VSTS.fp32,6
VMULS.fp32,VCVT_F32_TO_F16.f32_to_f16,4
VMULS.fp32,VCVT_F32_TO_S32.f32_to_s32,4
VADD.fp32,VADDS.fp32,3
VADD.fp32,VMULS.fp32,3
VADD.fp32,VADD.fp32,3
VADD.fp32,VEXP.fp32,4
VADD.fp32,VDIV.fp32,4
VADD.fp32,VABS.fp32,4
VADD.fp32,VSUB.fp32,3
VADD.fp32,VMUL.fp32,3
VADD.fp32,VMAXS.fp32,3
VADD.fp32,VMINS.fp32,3
VADD.fp32,VMAX.fp32,3
VADD.fp32,VMIN.fp32,3
VADD.fp32,VCMAX.fp32,3
VADD.fp32,VCMIN.fp32,3
VADD.fp32,VDUP.fp32,4
VADD.fp32,VSTS.fp32,5
VADD.fp32,VAND.fp32,3
VADD.fp32,VCGMAX.fp32,3
VADD.fp32,VCMP_EQ.fp32,3
VADD.fp32,VSEL.fp32,5
VADD.fp32,VSHLS.fp32,3
VADD.fp32,VSHRS.fp32,3
VADD.fp32,VCVT_F32_TO_F16.f32_to_f16,3
VADD.fp32,VCVT_F32_TO_S32.f32_to_s32,3
VEXP.fp32,VADDS.fp32,13
VEXP.fp32,VMULS.fp32,13
VEXP.fp32,VADD.fp32,13
VEXP.fp32,VEXP.fp32,13
VEXP.fp32,VDIV.fp32,13
VEXP.fp32,VABS.fp32,13
VEXP.fp32,VSUB.fp32,13
VEXP.fp32,VMUL.fp32,13
VEXP.fp32,VMAXS.fp32,13
VEXP.fp32,VMINS.fp32,13
VEXP.fp32,VMAX.fp32,13
VEXP.fp32,VMIN.fp32,13
VEXP.fp32,VCMAX.fp32,13
VEXP.fp32,VCMIN.fp32,13
VEXP.fp32,VDUP.fp32,13
VEXP.fp32,VSTS.fp32,14
VEXP.fp32,VCVT_F32_TO_F16.f32_to_f16,13
VEXP.fp32,VCVT_F32_TO_S32.f32_to_s32,13
VDIV.fp32,VADDS.fp32,14
VDIV.fp32,VMULS.fp32,14
VDIV.fp32,VADD.fp32,14
VDIV.fp32,VEXP.fp32,14
VDIV.fp32,VDIV.fp32,14
VDIV.fp32,VABS.fp32,14
VDIV.fp32,VSUB.fp32,14
VDIV.fp32,VMUL.fp32,14
VDIV.fp32,VMAXS.fp32,14
VDIV.fp32,VMINS.fp32,14
VDIV.fp32,VMAX.fp32,14
VDIV.fp32,VMIN.fp32,14
VDIV.fp32,VCMAX.fp32,14
VDIV.fp32,VCMIN.fp32,14
VDIV.fp32,VDUP.fp32,14
VDIV.fp32,VSTS.fp32,15
VDIV.fp32,VCVT_F32_TO_F16.f32_to_f16,14
VDIV.fp32,VCVT_F32_TO_S32.f32_to_s32,14
VABS.fp32,VADDS.fp32,2
VABS.fp32,VMULS.fp32,2
VABS.fp32,VADD.fp32,2
VABS.fp32,VEXP.fp32,2
VABS.fp32,VDIV.fp32,2
VABS.fp32,VABS.fp32,2
VABS.fp32,VSUB.fp32,2
VABS.fp32,VMUL.fp32,2
VABS.fp32,VMAXS.fp32,2
VABS.fp32,VMINS.fp32,2
VABS.fp32,VMAX.fp32,2
VABS.fp32,VMIN.fp32,2
VABS.fp32,VCMAX.fp32,2
VABS.fp32,VCMIN.fp32,2
VABS.fp32,VDUP.fp32,2
VABS.fp32,VSTS.fp32,3
VABS.fp32,VCVT_F32_TO_F16.f32_to_f16,2
VABS.fp32,VCVT_F32_TO_S32.f32_to_s32,2
VSUB.fp32,VADDS.fp32,3
VSUB.fp32,VMULS.fp32,3
VSUB.fp32,VADD.fp32,3
VSUB.fp32,VEXP.fp32,4
VSUB.fp32,VDIV.fp32,4
VSUB.fp32,VABS.fp32,4
VSUB.fp32,VSUB.fp32,3
VSUB.fp32,VMUL.fp32,3
VSUB.fp32,VMAXS.fp32,3
VSUB.fp32,VMINS.fp32,3
VSUB.fp32,VMAX.fp32,3
VSUB.fp32,VMIN.fp32,3
VSUB.fp32,VCMAX.fp32,3
VSUB.fp32,VCMIN.fp32,3
VSUB.fp32,VDUP.fp32,4
VSUB.fp32,VSTS.fp32,5
VSUB.fp32,VAND.fp32,3
VSUB.fp32,VCGMAX.fp32,3
VSUB.fp32,VCMP_EQ.fp32,3
VSUB.fp32,VSEL.fp32,5
VSUB.fp32,VSHLS.fp32,3
VSUB.fp32,VSHRS.fp32,3
VSUB.fp32,VCVT_F32_TO_F16.f32_to_f16,3
VSUB.fp32,VCVT_F32_TO_S32.f32_to_s32,3
VMUL.fp32,VADDS.fp32,4
VMUL.fp32,VMULS.fp32,4
VMUL.fp32,VADD.fp32,4
VMUL.fp32,VEXP.fp32,5
VMUL.fp32,VDIV.fp32,5
VMUL.fp32,VABS.fp32,5
VMUL.fp32,VSUB.fp32,4
VMUL.fp32,VMUL.fp32,4
VMUL.fp32,VMAXS.fp32,4
VMUL.fp32,VMINS.fp32,4
VMUL.fp32,VMAX.fp32,4
VMUL.fp32,VMIN.fp32,4
VMUL.fp32,VCMAX.fp32,4
VMUL.fp32,VCMIN.fp32,4
VMUL.fp32,VDUP.fp32,5
VMUL.fp32,VSTS.fp32,6
VMUL.fp32,VAND.fp32,4
VMUL.fp32,VCGMAX.fp32,4
VMUL.fp32,VCMP_EQ.fp32,4
VMUL.fp32,VSEL.fp32,6
VMUL.fp32,VSHLS.fp32,4
VMUL.fp32,VSHRS.fp32,4
VMUL.fp32,VCVT_F32_TO_F16.f32_to_f16,4
VMUL.fp32,VCVT_F32_TO_S32.f32_to_s32,4
VMAXS.fp32,VADDS.fp32,2
VMAXS.fp32,VMULS.fp32,2
VMAXS.fp32,VADD.fp32,2
VMAXS.fp32,VEXP.fp32,3
VMAXS.fp32,VDIV.fp32,3
VMAXS.fp32,VABS.fp32,3
VMAXS.fp32,VSUB.fp32,2
VMAXS.fp32,VMUL.fp32,2
VMAXS.fp32,VMAXS.fp32,2
VMAXS.fp32,VMINS.fp32,2
VMAXS.fp32,VMAX.fp32,2
VMAXS.fp32,VMIN.fp32,2
VMAXS.fp32,VCMAX.fp32,2
VMAXS.fp32,VCMIN.fp32,2
VMAXS.fp32,VDUP.fp32,3
VMAXS.fp32,VSTS.fp32,4
VMAXS.fp32,VCVT_F32_TO_F16.f32_to_f16,2
VMAXS.fp32,VCVT_F32_TO_S32.f32_to_s32,2
VMINS.fp32,VADDS.fp32,2
VMINS.fp32,VMULS.fp32,2
VMINS.fp32,VADD.fp32,2
VMINS.fp32,VEXP.fp32,3
VMINS.fp32,VDIV.fp32,3
VMINS.fp32,VABS.fp32,3
VMINS.fp32,VSUB.fp32,2
VMINS.fp32,VMUL.fp32,2
VMINS.fp32,VMAXS.fp32,2
VMINS.fp32,VMINS.fp32,2
VMINS.fp32,VMAX.fp32,2
VMINS.fp32,VMIN.fp32,2
VMINS.fp32,VCMAX.fp32,2
VMINS.fp32,VCMIN.fp32,2
VMINS.fp32,VDUP.fp32,3
VMINS.fp32,VSTS.fp32,4
VMINS.fp32,VCVT_F32_TO_F16.f32_to_f16,2
VMINS.fp32,VCVT_F32_TO_S32.f32_to_s32,2
VMAX.fp32,VADDS.fp32,2
VMAX.fp32,VMULS.fp32,2
VMAX.fp32,VADD.fp32,2
VMAX.fp32,VEXP.fp32,3
VMAX.fp32,VDIV.fp32,3
VMAX.fp32,VABS.fp32,3
VMAX.fp32,VSUB.fp32,2
VMAX.fp32,VMUL.fp32,2
VMAX.fp32,VMAXS.fp32,2
VMAX.fp32,VMINS.fp32,2
VMAX.fp32,VMAX.fp32,2
VMAX.fp32,VMIN.fp32,2
VMAX.fp32,VCMAX.fp32,2
VMAX.fp32,VCMIN.fp32,2
VMAX.fp32,VDUP.fp32,3
VMAX.fp32,VSTS.fp32,4
VMAX.fp32,VAND.fp32,2
VMAX.fp32,VCGMAX.fp32,2
VMAX.fp32,VCMP_EQ.fp32,2
VMAX.fp32,VSEL.fp32,4
VMAX.fp32,VSHLS.fp32,2
VMAX.fp32,VSHRS.fp32,2
VMAX.fp32,VCVT_F32_TO_F16.f32_to_f16,2
VMAX.fp32,VCVT_F32_TO_S32.f32_to_s32,2
VMIN.fp32,VADDS.fp32,2
VMIN.fp32,VMULS.fp32,2
VMIN.fp32,VADD.fp32,2
VMIN.fp32,VEXP.fp32,3
VMIN.fp32,VDIV.fp32,3
VMIN.fp32,VABS.fp32,3
VMIN.fp32,VSUB.fp32,2
VMIN.fp32,VMUL.fp32,2
VMIN.fp32,VMAXS.fp32,2
VMIN.fp32,VMINS.fp32,2
VMIN.fp32,VMAX.fp32,2
VMIN.fp32,VMIN.fp32,2
VMIN.fp32,VCMAX.fp32,2
VMIN.fp32,VCMIN.fp32,2
VMIN.fp32,VDUP.fp32,3
VMIN.fp32,VSTS.fp32,4
VMIN.fp32,VCVT_F32_TO_F16.f32_to_f16,2
VMIN.fp32,VCVT_F32_TO_S32.f32_to_s32,2
VCMAX.fp32,VABS.fp32,13
VCMAX.fp32,VADD.fp32,13
VCMAX.fp32,VADDS.fp32,13
VCMAX.fp32,VCMAX.fp32,13
VCMAX.fp32,VDIV.fp32,13
VCMAX.fp32,VEXP.fp32,13
VCMAX.fp32,VMAX.fp32,13
VCMAX.fp32,VMAXS.fp32,13
VCMAX.fp32,VMIN.fp32,13
VCMAX.fp32,VMINS.fp32,13
VCMAX.fp32,VMUL.fp32,13
VCMAX.fp32,VMULS.fp32,13
VCMAX.fp32,VSUB.fp32,13
VCMAX.fp32,VCMIN.fp32,13
VCMAX.fp32,VDUP.fp32,13
VCMAX.fp32,VSTS.fp32,14
VCMIN.fp32,VABS.fp32,13
VCMIN.fp32,VADD.fp32,13
VCMIN.fp32,VADDS.fp32,13
VCMIN.fp32,VCMAX.fp32,13
VCMIN.fp32,VDIV.fp32,13
VCMIN.fp32,VEXP.fp32,13
VCMIN.fp32,VMAX.fp32,13
VCMIN.fp32,VMAXS.fp32,13
VCMIN.fp32,VMIN.fp32,13
VCMIN.fp32,VMINS.fp32,13
VCMIN.fp32,VMUL.fp32,13
VCMIN.fp32,VMULS.fp32,13
VCMIN.fp32,VSUB.fp32,13
VCMIN.fp32,VCMIN.fp32,13
VCMIN.fp32,VDUP.fp32,13
VCMIN.fp32,VSTS.fp32,14
VDUP.fp32,VADDS.fp32,8
VDUP.fp32,VMULS.fp32,8
VDUP.fp32,VADD.fp32,8
VDUP.fp32,VEXP.fp32,8
VDUP.fp32,VDIV.fp32,8
VDUP.fp32,VABS.fp32,8
VDUP.fp32,VSUB.fp32,8
VDUP.fp32,VMUL.fp32,8
VDUP.fp32,VMAXS.fp32,8
VDUP.fp32,VMINS.fp32,8
VDUP.fp32,VMAX.fp32,8
VDUP.fp32,VMIN.fp32,8
VDUP.fp32,VCMAX.fp32,8
VDUP.fp32,VCMIN.fp32,8
VDUP.fp32,VSTS.fp32,4
VLDS.fp32,VADDS.fp32,6
VLDS.fp32,VEXP.fp32,6
VLDS.fp32,VADD.fp32,6
VLDS.fp32,VMULS.fp32,6
VLDS.fp32,VDIV.fp32,6
VLDS.fp32,VABS.fp32,6
VLDS.fp32,VSUB.fp32,6
VLDS.fp32,VMUL.fp32,6
VLDS.fp32,VMAXS.fp32,6
VLDS.fp32,VMINS.fp32,6
VLDS.fp32,VMAX.fp32,6
VLDS.fp32,VMIN.fp32,6
VLDS.fp32,VCMAX.fp32,6
VLDS.fp32,VCMIN.fp32,6
VLDS.fp32,VCADD.fp32,6
VLDS.fp32,VDUP.fp32,2
VCADD.fp32,VSTS.fp32,20
VADDS.fp16,VADDS.fp16,3
VADDS.fp16,VMULS.fp16,3
VADDS.fp16,VADD.fp16,3
VADDS.fp16,VEXP.fp16,4
VADDS.fp16,VCMAX.fp16,3
VADDS.fp16,VCMIN.fp16,3
VADDS.fp16,VCADD.fp16,3
VADDS.fp16,VDIV.fp16,4
VADDS.fp16,VABS.fp16,4
VADDS.fp16,VSUB.fp16,3
VADDS.fp16,VMUL.fp16,3
VADDS.fp16,VMAXS.fp16,3
VADDS.fp16,VMINS.fp16,3
VADDS.fp16,VMAX.fp16,3
VADDS.fp16,VMIN.fp16,3
VADDS.fp16,VDUP.fp16,4
VADDS.fp16,VSTS.fp16,5
VADDS.fp16,VAND.fp16,3
VADDS.fp16,VCGMAX.fp16,3
VADDS.fp16,VCMP_EQ.fp16,3
VADDS.fp16,VSEL.fp16,5
VADDS.fp16,VSHLS.fp16,3
VADDS.fp16,VSHRS.fp16,3
VADDS.fp16,VCVT_F16_TO_F32.f16_to_f32,3
VMULS.fp16,VADDS.fp16,4
VMULS.fp16,VMULS.fp16,4
VMULS.fp16,VADD.fp16,4
VMULS.fp16,VEXP.fp16,5
VMULS.fp16,VCMAX.fp16,4
VMULS.fp16,VCMIN.fp16,4
VMULS.fp16,VCADD.fp16,4
VMULS.fp16,VDIV.fp16,5
VMULS.fp16,VABS.fp16,5
VMULS.fp16,VSUB.fp16,4
VMULS.fp16,VMUL.fp16,4
VMULS.fp16,VMAXS.fp16,4
VMULS.fp16,VMINS.fp16,4
VMULS.fp16,VMAX.fp16,4
VMULS.fp16,VMIN.fp16,4
VMULS.fp16,VDUP.fp16,5
VMULS.fp16,VSTS.fp16,6
VMULS.fp16,VCVT_F16_TO_F32.f16_to_f32,4
VADD.fp16,VADDS.fp16,3
VADD.fp16,VMULS.fp16,3
VADD.fp16,VADD.fp16,3
VADD.fp16,VEXP.fp16,4
VADD.fp16,VCMAX.fp16,3
VADD.fp16,VCMIN.fp16,3
VADD.fp16,VCADD.fp16,3
VADD.fp16,VDIV.fp16,4
VADD.fp16,VABS.fp16,4
VADD.fp16,VSUB.fp16,3
VADD.fp16,VMUL.fp16,3
VADD.fp16,VMAXS.fp16,3
VADD.fp16,VMINS.fp16,3
VADD.fp16,VMAX.fp16,3
VADD.fp16,VMIN.fp16,3
VADD.fp16,VDUP.fp16,4
VADD.fp16,VSTS.fp16,5
VADD.fp16,VAND.fp16,3
VADD.fp16,VCGMAX.fp16,3
VADD.fp16,VCMP_EQ.fp16,3
VADD.fp16,VSEL.fp16,5
VADD.fp16,VSHLS.fp16,3
VADD.fp16,VSHRS.fp16,3
VADD.fp16,VCVT_F16_TO_F32.f16_to_f32,3
VEXP.fp16,VADDS.fp16,18
VEXP.fp16,VMULS.fp16,13
VEXP.fp16,VADD.fp16,18
VEXP.fp16,VEXP.fp16,18
VEXP.fp16,VCMAX.fp16,18
VEXP.fp16,VCMIN.fp16,18
VEXP.fp16,VCADD.fp16,18
VEXP.fp16,VDIV.fp16,18
VEXP.fp16,VABS.fp16,18
VEXP.fp16,VSUB.fp16,18
VEXP.fp16,VMUL.fp16,18
VEXP.fp16,VMAXS.fp16,18
VEXP.fp16,VMINS.fp16,18
VEXP.fp16,VMAX.fp16,18
VEXP.fp16,VMIN.fp16,18
VEXP.fp16,VDUP.fp16,13
VEXP.fp16,VSTS.fp16,19
VEXP.fp16,VCVT_F16_TO_F32.f16_to_f32,18
VCMAX.fp16,VADDS.fp16,14
VCMAX.fp16,VMULS.fp16,14
VCMAX.fp16,VADD.fp16,14
VCMAX.fp16,VEXP.fp16,14
VCMAX.fp16,VCMAX.fp16,14
VCMAX.fp16,VCMIN.fp16,14
VCMAX.fp16,VCADD.fp16,14
VCMAX.fp16,VDIV.fp16,14
VCMAX.fp16,VABS.fp16,14
VCMAX.fp16,VSUB.fp16,14
VCMAX.fp16,VMUL.fp16,14
VCMAX.fp16,VMAXS.fp16,14
VCMAX.fp16,VMINS.fp16,14
VCMAX.fp16,VMAX.fp16,14
VCMAX.fp16,VMIN.fp16,14
VCMAX.fp16,VDUP.fp16,13
VCMAX.fp16,VSTS.fp16,15
VCMIN.fp16,VADDS.fp16,14
VCMIN.fp16,VMULS.fp16,13
VCMIN.fp16,VADD.fp16,14
VCMIN.fp16,VEXP.fp16,14
VCMIN.fp16,VCMAX.fp16,14
VCMIN.fp16,VCMIN.fp16,14
VCMIN.fp16,VCADD.fp16,14
VCMIN.fp16,VDIV.fp16,14
VCMIN.fp16,VABS.fp16,14
VCMIN.fp16,VSUB.fp16,14
VCMIN.fp16,VMUL.fp16,14
VCMIN.fp16,VMAXS.fp16,14
VCMIN.fp16,VMINS.fp16,14
VCMIN.fp16,VMAX.fp16,14
VCMIN.fp16,VMIN.fp16,14
VCMIN.fp16,VDUP.fp16,13
VCMIN.fp16,VSTS.fp16,15
VCADD.fp16,VADDS.fp16,21
VCADD.fp16,VMULS.fp16,21
VCADD.fp16,VADD.fp16,21
VCADD.fp16,VEXP.fp16,21
VCADD.fp16,VCMAX.fp16,21
VCADD.fp16,VCMIN.fp16,21
VCADD.fp16,VCADD.fp16,21
VCADD.fp16,VDIV.fp16,21
VCADD.fp16,VABS.fp16,21
VCADD.fp16,VSUB.fp16,21
VCADD.fp16,VMUL.fp16,21
VCADD.fp16,VMAXS.fp16,21
VCADD.fp16,VMINS.fp16,21
VCADD.fp16,VMAX.fp16,21
VCADD.fp16,VMIN.fp16,21
VCADD.fp16,VDUP.fp16,19
VCADD.fp16,VSTS.fp16,22
VDIV.fp16,VADDS.fp16,19
VDIV.fp16,VMULS.fp16,19
VDIV.fp16,VADD.fp16,19
VDIV.fp16,VEXP.fp16,19
VDIV.fp16,VCMAX.fp16,19
VDIV.fp16,VCMIN.fp16,19
VDIV.fp16,VCADD.fp16,19
VDIV.fp16,VDIV.fp16,19
VDIV.fp16,VABS.fp16,19
VDIV.fp16,VSUB.fp16,14
VDIV.fp16,VMUL.fp16,19
VDIV.fp16,VMAXS.fp16,19
VDIV.fp16,VMINS.fp16,19
VDIV.fp16,VMAX.fp16,19
VDIV.fp16,VMIN.fp16,19
VDIV.fp16,VDUP.fp16,14
VDIV.fp16,VSTS.fp16,20
VDIV.fp16,VCVT_F16_TO_F32.f16_to_f32,19
VABS.fp16,VADDS.fp16,2
VABS.fp16,VMULS.fp16,2
VABS.fp16,VADD.fp16,2
VABS.fp16,VEXP.fp16,2
VABS.fp16,VCMAX.fp16,2
VABS.fp16,VCMIN.fp16,2
VABS.fp16,VCADD.fp16,2
VABS.fp16,VDIV.fp16,2
VABS.fp16,VABS.fp16,2
VABS.fp16,VSUB.fp16,2
VABS.fp16,VMUL.fp16,2
VABS.fp16,VMAXS.fp16,2
VABS.fp16,VMINS.fp16,2
VABS.fp16,VMAX.fp16,2
VABS.fp16,VMIN.fp16,2
VABS.fp16,VDUP.fp16,2
VABS.fp16,VSTS.fp16,3
VABS.fp16,VCVT_F16_TO_F32.f16_to_f32,2
VSUB.fp16,VADDS.fp16,3
VSUB.fp16,VMULS.fp16,3
VSUB.fp16,VADD.fp16,3
VSUB.fp16,VEXP.fp16,4
VSUB.fp16,VCMAX.fp16,3
VSUB.fp16,VCMIN.fp16,3
VSUB.fp16,VCADD.fp16,3
VSUB.fp16,VDIV.fp16,4
VSUB.fp16,VABS.fp16,4
VSUB.fp16,VSUB.fp16,3
VSUB.fp16,VMUL.fp16,3
VSUB.fp16,VMAXS.fp16,3
VSUB.fp16,VMINS.fp16,3
VSUB.fp16,VMAX.fp16,3
VSUB.fp16,VMIN.fp16,3
VSUB.fp16,VDUP.fp16,4
VSUB.fp16,VSTS.fp16,5
VSUB.fp16,VAND.fp16,3
VSUB.fp16,VCGMAX.fp16,3
VSUB.fp16,VCMP_EQ.fp16,3
VSUB.fp16,VSEL.fp16,5
VSUB.fp16,VSHLS.fp16,3
VSUB.fp16,VSHRS.fp16,3
VSUB.fp16,VCVT_F16_TO_F32.f16_to_f32,3
VMUL.fp16,VADDS.fp16,4
VMUL.fp16,VMULS.fp16,4
VMUL.fp16,VADD.fp16,4
VMUL.fp16,VEXP.fp16,5
VMUL.fp16,VCMAX.fp16,4
VMUL.fp16,VCMIN.fp16,4
VMUL.fp16,VCADD.fp16,4
VMUL.fp16,VDIV.fp16,5
VMUL.fp16,VABS.fp16,5
VMUL.fp16,VSUB.fp16,4
VMUL.fp16,VMUL.fp16,4
VMUL.fp16,VMAXS.fp16,4
VMUL.fp16,VMINS.fp16,4
VMUL.fp16,VMAX.fp16,4
VMUL.fp16,VMIN.fp16,4
VMUL.fp16,VDUP.fp16,5
VMUL.fp16,VSTS.fp16,6
VMUL.fp16,VAND.fp16,4
VMUL.fp16,VCGMAX.fp16,4
VMUL.fp16,VCMP_EQ.fp16,4
VMUL.fp16,VSEL.fp16,6
VMUL.fp16,VSHLS.fp16,4
VMUL.fp16,VSHRS.fp16,4
VMUL.fp16,VCVT_F16_TO_F32.f16_to_f32,4
VMAXS.fp16,VADDS.fp16,2
VMAXS.fp16,VMULS.fp16,2
VMAXS.fp16,VADD.fp16,2
VMAXS.fp16,VEXP.fp16,3
VMAXS.fp16,VCMAX.fp16,2
VMAXS.fp16,VCMIN.fp16,2
VMAXS.fp16,VCADD.fp16,2
VMAXS.fp16,VDIV.fp16,3
VMAXS.fp16,VABS.fp16,3
VMAXS.fp16,VSUB.fp16,2
VMAXS.fp16,VMUL.fp16,2
VMAXS.fp16,VMAXS.fp16,2
VMAXS.fp16,VMINS.fp16,2
VMAXS.fp16,VMAX.fp16,2
VMAXS.fp16,VMIN.fp16,2
VMAXS.fp16,VDUP.fp16,3
VMAXS.fp16,VSTS.fp16,4
VMAXS.fp16,VCVT_F16_TO_F32.f16_to_f32,2
VMINS.fp16,VADDS.fp16,2
VMINS.fp16,VMULS.fp16,2
VMINS.fp16,VADD.fp16,2
VMINS.fp16,VEXP.fp16,3
VMINS.fp16,VCMAX.fp16,2
VMINS.fp16,VCMIN.fp16,2
VMINS.fp16,VCADD.fp16,3
VMINS.fp16,VDIV.fp16,3
VMINS.fp16,VABS.fp16,3
VMINS.fp16,VSUB.fp16,2
VMINS.fp16,VMUL.fp16,2
VMINS.fp16,VMAXS.fp16,2
VMINS.fp16,VMINS.fp16,2
VMINS.fp16,VMAX.fp16,2
VMINS.fp16,VMIN.fp16,2
VMINS.fp16,VDUP.fp16,3
VMINS.fp16,VSTS.fp16,4
VMINS.fp16,VCVT_F16_TO_F32.f16_to_f32,2
VMAX.fp16,VADDS.fp16,2
VMAX.fp16,VMULS.fp16,2
VMAX.fp16,VADD.fp16,2
VMAX.fp16,VEXP.fp16,3
VMAX.fp16,VCMAX.fp16,2
VMAX.fp16,VCMIN.fp16,2
VMAX.fp16,VCADD.fp16,2
VMAX.fp16,VDIV.fp16,3
VMAX.fp16,VABS.fp16,3
VMAX.fp16,VSUB.fp16,2
VMAX.fp16,VMUL.fp16,2
VMAX.fp16,VMAXS.fp16,2
VMAX.fp16,VMINS.fp16,2
VMAX.fp16,VMAX.fp16,2
VMAX.fp16,VMIN.fp16,2
VMAX.fp16,VDUP.fp16,3
VMAX.fp16,VSTS.fp16,4
VMAX.fp16,VAND.fp16,2
VMAX.fp16,VCGMAX.fp16,2
VMAX.fp16,VCMP_EQ.fp16,2
VMAX.fp16,VSEL.fp16,4
VMAX.fp16,VSHLS.fp16,2
VMAX.fp16,VSHRS.fp16,2
VMAX.fp16,VCVT_F16_TO_F32.f16_to_f32,2
VMIN.fp16,VADDS.fp16,2
VMIN.fp16,VMULS.fp16,2
VMIN.fp16,VADD.fp16,2
VMIN.fp16,VEXP.fp16,3
VMIN.fp16,VCMAX.fp16,2
VMIN.fp16,VCMIN.fp16,2
VMIN.fp16,VCADD.fp16,2
VMIN.fp16,VDIV.fp16,3
VMIN.fp16,VABS.fp16,3
VMIN.fp16,VSUB.fp16,2
VMIN.fp16,VMUL.fp16,2
VMIN.fp16,VMAXS.fp16,2
VMIN.fp16,VMINS.fp16,2
VMIN.fp16,VMAX.fp16,2
VMIN.fp16,VMIN.fp16,2
VMIN.fp16,VDUP.fp16,3
VMIN.fp16,VSTS.fp16,4
VMIN.fp16,VCVT_F16_TO_F32.f16_to_f32,2
VDUP.fp16,VADDS.fp16,8
VDUP.fp16,VMULS.fp16,8
VDUP.fp16,VADD.fp16,8
VDUP.fp16,VEXP.fp16,8
VDUP.fp16,VCMAX.fp16,8
VDUP.fp16,VCMIN.fp16,8
VDUP.fp16,VCADD.fp16,8
VDUP.fp16,VDIV.fp16,8
VDUP.fp16,VABS.fp16,8
VDUP.fp16,VSUB.fp16,8
VDUP.fp16,VMUL.fp16,8
VDUP.fp16,VMAXS.fp16,8
VDUP.fp16,VMINS.fp16,8
VDUP.fp16,VMAX.fp16,8
VDUP.fp16,VMIN.fp16,8
VDUP.fp16,VSTS.fp16,4
VLDS.fp16,VADDS.fp16,6
VLDS.fp16,VEXP.fp16,6
VLDS.fp16,VADD.fp16,6
VLDS.fp16,VMULS.fp16,6
VLDS.fp16,VDIV.fp16,6
VLDS.fp16,VABS.fp16,6
VLDS.fp16,VSUB.fp16,6
VLDS.fp16,VMUL.fp16,6
VLDS.fp16,VMAXS.fp16,6
VLDS.fp16,VMINS.fp16,6
VLDS.fp16,VMAX.fp16,6
VLDS.fp16,VMIN.fp16,6
VLDS.fp16,VCMAX.fp16,6
VLDS.fp16,VCMIN.fp16,6
VLDS.fp16,VCADD.fp16,6
VLDS.fp16,VDUP.fp16,2
VAND.fp32,VADD.fp32,2
VAND.fp32,VADDS.fp32,2
VAND.fp32,VMAX.fp32,2
VAND.fp32,VMUL.fp32,2
VAND.fp32,VSUB.fp32,2
VAND.fp32,VAND.fp32,2
VAND.fp32,VCGMAX.fp32,2
VAND.fp32,VCMP_EQ.fp32,2
VAND.fp32,VSEL.fp32,4
VAND.fp32,VSHRS.fp32,2
VAND.fp32,VSHLS.fp32,2
VCGMAX.fp32,VADD.fp32,10
VCGMAX.fp32,VADDS.fp32,10
VCGMAX.fp32,VMAX.fp32,10
VCGMAX.fp32,VMUL.fp32,10
VCGMAX.fp32,VSUB.fp32,10
VCGMAX.fp32,VAND.fp32,10
VCGMAX.fp32,VCGMAX.fp32,10
VCGMAX.fp32,VCMP_EQ.fp32,10
VCGMAX.fp32,VSEL.fp32,12
VCGMAX.fp32,VSHRS.fp32,10
VCGMAX.fp32,VSHLS.fp32,10
VSEL.fp32,VADD.fp32,2
VSEL.fp32,VADDS.fp32,2
VSEL.fp32,VMAX.fp32,2
VSEL.fp32,VMUL.fp32,2
VSEL.fp32,VSUB.fp32,2
VSEL.fp32,VAND.fp32,2
VSEL.fp32,VCGMAX.fp32,2
VSEL.fp32,VCMP_EQ.fp32,2
VSEL.fp32,VSEL.fp32,4
VSEL.fp32,VSHRS.fp32,2
VSEL.fp32,VSHLS.fp32,2
VSHLS.fp32,VADD.fp32,2
VSHLS.fp32,VADDS.fp32,2
VSHLS.fp32,VMAX.fp32,2
VSHLS.fp32,VMUL.fp32,2
VSHLS.fp32,VSUB.fp32,2
VSHLS.fp32,VAND.fp32,2
VSHLS.fp32,VCGMAX.fp32,2
VSHLS.fp32,VCMP_EQ.fp32,2
VSHLS.fp32,VSEL.fp32,4
VSHLS.fp32,VSHRS.fp32,2
VSHLS.fp32,VSHLS.fp32,2
VSHRS.fp32,VADD.fp32,2
VSHRS.fp32,VADDS.fp32,2
VSHRS.fp32,VMAX.fp32,2
VSHRS.fp32,VMUL.fp32,2
VSHRS.fp32,VSUB.fp32,2
VSHRS.fp32,VAND.fp32,2
VSHRS.fp32,VCGMAX.fp32,2
VSHRS.fp32,VCMP_EQ.fp32,2
VSHRS.fp32,VSEL.fp32,4
VSHRS.fp32,VSHRS.fp32,2
VSHRS.fp32,VSHLS.fp32,2
VCMP_EQ.fp32,VMAX.fp32,4
VCMP_EQ.fp32,VSUB.fp32,4
VCMP_EQ.fp32,VADD.fp32,4
VCMP_EQ.fp32,VADDS.fp32,4
VCMP_EQ.fp32,VMUL.fp32,4
VCMP_EQ.fp32,VAND.fp32,4
VCMP_EQ.fp32,VCGMAX.fp32,4
VCMP_EQ.fp32,VCMP_EQ.fp32,4
VCMP_EQ.fp32,VSEL.fp32,2
VCMP_EQ.fp32,VSHRS.fp32,4
VCMP_EQ.fp32,VSHLS.fp32,4
VCVT_F16_TO_F32.f16_to_f32,VABS.fp32,4
VCVT_F16_TO_F32.f16_to_f32,VADD.fp32,3
VCVT_F16_TO_F32.f16_to_f32,VADDS.fp32,3
VCVT_F16_TO_F32.f16_to_f32,VDIV.fp32,4
VCVT_F16_TO_F32.f16_to_f32,VEXP.fp32,4
VCVT_F16_TO_F32.f16_to_f32,VMAX.fp32,3
VCVT_F16_TO_F32.f16_to_f32,VMAXS.fp32,3
VCVT_F16_TO_F32.f16_to_f32,VMIN.fp32,3
VCVT_F16_TO_F32.f16_to_f32,VMINS.fp32,3
VCVT_F16_TO_F32.f16_to_f32,VMUL.fp32,3
VCVT_F16_TO_F32.f16_to_f32,VMULS.fp32,3
VCVT_F16_TO_F32.f16_to_f32,VSUB.fp32,3
VCVT_S32_TO_F32.s32_to_f32,VABS.fp32,5
VCVT_S32_TO_F32.s32_to_f32,VADD.fp32,4
VCVT_S32_TO_F32.s32_to_f32,VADDS.fp32,4
VCVT_S32_TO_F32.s32_to_f32,VDIV.fp32,5
VCVT_S32_TO_F32.s32_to_f32,VEXP.fp32,5
VCVT_S32_TO_F32.s32_to_f32,VMAX.fp32,4
VCVT_S32_TO_F32.s32_to_f32,VMAXS.fp32,4
VCVT_S32_TO_F32.s32_to_f32,VMIN.fp32,4
VCVT_S32_TO_F32.s32_to_f32,VMINS.fp32,4
VCVT_S32_TO_F32.s32_to_f32,VMUL.fp32,4
VCVT_S32_TO_F32.s32_to_f32,VMULS.fp32,4
VCVT_S32_TO_F32.s32_to_f32,VSUB.fp32,4
VAND.fp16,VADD.fp16,2
VAND.fp16,VADDS.fp16,2
VAND.fp16,VMAX.fp16,2
VAND.fp16,VMUL.fp16,2
VAND.fp16,VSUB.fp16,2
VAND.fp16,VAND.fp16,2
VAND.fp16,VCGMAX.fp16,2
VAND.fp16,VCMP_EQ.fp16,2
VAND.fp16,VSEL.fp16,4
VAND.fp16,VSHRS.fp16,2
VAND.fp16,VSHLS.fp16,2
VCGMAX.fp16,VADD.fp16,11
VCGMAX.fp16,VADDS.fp16,11
VCGMAX.fp16,VMAX.fp16,11
VCGMAX.fp16,VMUL.fp16,11
VCGMAX.fp16,VSUB.fp16,11
VCGMAX.fp16,VAND.fp16,11
VCGMAX.fp16,VCGMAX.fp16,11
VCGMAX.fp16,VCMP_EQ.fp16,11
VCGMAX.fp16,VSEL.fp16,13
VCGMAX.fp16,VSHRS.fp16,11
VCGMAX.fp16,VSHLS.fp16,11
VSEL.fp16,VADD.fp16,2
VSEL.fp16,VADDS.fp16,2
VSEL.fp16,VMAX.fp16,2
VSEL.fp16,VMUL.fp16,2
VSEL.fp16,VSUB.fp16,2
VSEL.fp16,VAND.fp16,2
VSEL.fp16,VCGMAX.fp16,2
VSEL.fp16,VCMP_EQ.fp16,2
VSEL.fp16,VSEL.fp16,4
VSEL.fp16,VSHRS.fp16,2
VSEL.fp16,VSHLS.fp16,2
VSHLS.fp16,VADD.fp16,2
VSHLS.fp16,VADDS.fp16,2
VSHLS.fp16,VMAX.fp16,2
VSHLS.fp16,VMUL.fp16,2
VSHLS.fp16,VSUB.fp16,2
VSHLS.fp16,VAND.fp16,2
VSHLS.fp16,VCGMAX.fp16,2
VSHLS.fp16,VCMP_EQ.fp16,2
VSHLS.fp16,VSEL.fp16,4
VSHLS.fp16,VSHRS.fp16,2
VSHLS.fp16,VSHLS.fp16,2
VSHRS.fp16,VADD.fp16,2
VSHRS.fp16,VADDS.fp16,2
VSHRS.fp16,VMAX.fp16,2
VSHRS.fp16,VMUL.fp16,2
VSHRS.fp16,VSUB.fp16,2
VSHRS.fp16,VAND.fp16,2
VSHRS.fp16,VCGMAX.fp16,2
VSHRS.fp16,VCMP_EQ.fp16,2
VSHRS.fp16,VSEL.fp16,4
VSHRS.fp16,VSHRS.fp16,2
VSHRS.fp16,VSHLS.fp16,2
VCMP_EQ.fp16,VMAX.fp16,4
VCMP_EQ.fp16,VSUB.fp16,4
VCMP_EQ.fp16,VADD.fp16,4
VCMP_EQ.fp16,VADDS.fp16,4
VCMP_EQ.fp16,VMUL.fp16,4
VCMP_EQ.fp16,VAND.fp16,4
VCMP_EQ.fp16,VCGMAX.fp16,4
VCMP_EQ.fp16,VCMP_EQ.fp16,4
VCMP_EQ.fp16,VSEL.fp16,2
VCMP_EQ.fp16,VSHRS.fp16,4
VCMP_EQ.fp16,VSHLS.fp16,4
VCVT_F32_TO_F16.f32_to_f16,VABS.fp16,4
VCVT_F32_TO_F16.f32_to_f16,VADD.fp16,3
VCVT_F32_TO_F16.f32_to_f16,VADDS.fp16,3
VCVT_F32_TO_F16.f32_to_f16,VDIV.fp16,4
VCVT_F32_TO_F16.f32_to_f16,VEXP.fp16,4
VCVT_F32_TO_F16.f32_to_f16,VMAX.fp16,3
VCVT_F32_TO_F16.f32_to_f16,VMAXS.fp16,3
VCVT_F32_TO_F16.f32_to_f16,VMIN.fp16,3
VCVT_F32_TO_F16.f32_to_f16,VMINS.fp16,3
VCVT_F32_TO_F16.f32_to_f16,VMUL.fp16,3
VCVT_F32_TO_F16.f32_to_f16,VMULS.fp16,3
VCVT_F32_TO_F16.f32_to_f16,VSUB.fp16,3
VBR.fp32,VABS.fp32,3
VBR.fp32,VADD.fp32,2
VBR.fp32,VADDS.fp32,2
VBR.fp32,VCVT_F32_TO_F16.f32_to_f16,2
VBR.fp32,VCVT_F32_TO_S32.f32_to_s32,2
VBR.fp32,VDIV.fp32,3
VBR.fp32,VEXP.fp32,3
VBR.fp32,VMAX.fp32,2
VBR.fp32,VMAXS.fp32,2
VBR.fp32,VMIN.fp32,2
VBR.fp32,VMINS.fp32,2
VBR.fp32,VMUL.fp32,2
VBR.fp32,VMULS.fp32,2
VBR.fp32,VSUB.fp32,2
VBR.fp16,VABS.fp16,3
VBR.fp16,VADD.fp16,2
VBR.fp16,VADDS.fp16,2
VBR.fp16,VCVT_F16_TO_F32.f16_to_f32,2
VBR.fp16,VDIV.fp16,3
VBR.fp16,VEXP.fp16,3
VBR.fp16,VMAX.fp16,2
VBR.fp16,VMAXS.fp16,2
VBR.fp16,VMIN.fp16,2
VBR.fp16,VMINS.fp16,2
VBR.fp16,VMUL.fp16,2
VBR.fp16,VMULS.fp16,2
VBR.fp16,VSUB.fp16,2
