previous,current,cycles
VADDS.fp32,VADDS.fp32,1
VADDS.fp32,VMULS.fp32,1
VADDS.fp32,VADD.fp32,1
VADDS.fp32,VEXP.fp32,1
VADDS.fp32,VDIV.fp32,1
VADDS.fp32,VABS.fp32,1
VADDS.fp32,VSUB.fp32,1
VADDS.fp32,VMUL.fp32,1
VADDS.fp32,VMAXS.fp32,2
VADDS.fp32,VMINS.fp32,2
VADDS.fp32,VMAX.fp32,2
VADDS.fp32,VMIN.fp32,2
VADDS.fp32,VCMAX.fp32,1
VADDS.fp32,VCMIN.fp32,1
VADDS.fp32,VDUP.fp32,1
VADDS.fp32,VAND.fp32,2
VADDS.fp32,VCGMAX.fp32,2
VADDS.fp32,VCMP_EQ.fp32,2
VADDS.fp32,VSEL.fp32,2
VADDS.fp32,VSHLS.fp32,2
VADDS.fp32,VSHRS.fp32,2
VADDS.fp32,VCVT_F16_TO_F32.f16_to_f32,1
VADDS.fp32,VCVT_F32_TO_F16.f32_to_f16,1
VADDS.fp32,VCVT_F32_TO_S32.f32_to_s32,1
VADDS.fp32,VCVT_S32_TO_F32.s32_to_f32,1
VADDS.fp32,VBR.fp32,2
VMULS.fp32,VADDS.fp32,2
VMULS.fp32,VMULS.fp32,1
VMULS.fp32,VADD.fp32,2
VMULS.fp32,VEXP.fp32,1
VMULS.fp32,VDIV.fp32,1
VMULS.fp32,VABS.fp32,1
VMULS.fp32,VSUB.fp32,2
VMULS.fp32,VMUL.fp32,1
VMULS.fp32,VMAXS.fp32,1
VMULS.fp32,VMINS.fp32,1
VMULS.fp32,VMAX.fp32,1
VMULS.fp32,VMIN.fp32,1
VMULS.fp32,VCMAX.fp32,1
VMULS.fp32,VCMIN.fp32,1
VMULS.fp32,VDUP.fp32,1
VMULS.fp32,VCVT_F16_TO_F32.f16_to_f32,2
VMULS.fp32,VCVT_F32_TO_F16.f32_to_f16,2
VMULS.fp32,VCVT_F32_TO_S32.f32_to_s32,1
VMULS.fp32,VCVT_S32_TO_F32.s32_to_f32,1
VMULS.fp32,VBR.fp32,1
VADD.fp32,VADDS.fp32,1
VADD.fp32,VMULS.fp32,1
VADD.fp32,VADD.fp32,1
VADD.fp32,VEXP.fp32,1
VADD.fp32,VDIV.fp32,1
VADD.fp32,VABS.fp32,1
VADD.fp32,VSUB.fp32,1
VADD.fp32,VMUL.fp32,1
VADD.fp32,VMAXS.fp32,2
VADD.fp32,VMINS.fp32,2
VADD.fp32,VMAX.fp32,2
VADD.fp32,VMIN.fp32,2
VADD.fp32,VCMAX.fp32,1
VADD.fp32,VCMIN.fp32,1
VADD.fp32,VDUP.fp32,1
VADD.fp32,VAND.fp32,2
VADD.fp32,VCGMAX.fp32,2
VADD.fp32,VCMP_EQ.fp32,3
VADD.fp32,VSEL.fp32,2
VADD.fp32,VSHLS.fp32,2
VADD.fp32,VSHRS.fp32,2
VADD.fp32,VCVT_F16_TO_F32.f16_to_f32,1
VADD.fp32,VCVT_F32_TO_F16.f32_to_f16,1
VADD.fp32,VCVT_F32_TO_S32.f32_to_s32,1
VADD.fp32,VCVT_S32_TO_F32.s32_to_f32,1
VADD.fp32,VBR.fp32,2
VEXP.fp32,VADDS.fp32,1
VEXP.fp32,VMULS.fp32,1
VEXP.fp32,VADD.fp32,1
VEXP.fp32,VEXP.fp32,4
VEXP.fp32,VDIV.fp32,6
VEXP.fp32,VABS.fp32,1
VEXP.fp32,VSUB.fp32,1
VEXP.fp32,VMUL.fp32,1
VEXP.fp32,VMAXS.fp32,1
VEXP.fp32,VMINS.fp32,1
VEXP.fp32,VMAX.fp32,1
VEXP.fp32,VMIN.fp32,1
VEXP.fp32,VCMAX.fp32,1
VEXP.fp32,VCMIN.fp32,1
VEXP.fp32,VDUP.fp32,1
VEXP.fp32,VCVT_F16_TO_F32.f16_to_f32,1
VEXP.fp32,VCVT_F32_TO_F16.f32_to_f16,1
VEXP.fp32,VCVT_F32_TO_S32.f32_to_s32,1
VEXP.fp32,VCVT_S32_TO_F32.s32_to_f32,1
VEXP.fp32,VBR.fp32,1
VDIV.fp32,VADDS.fp32,1
VDIV.fp32,VMULS.fp32,1
VDIV.fp32,VADD.fp32,1
VDIV.fp32,VEXP.fp32,5
VDIV.fp32,VDIV.fp32,4
VDIV.fp32,VABS.fp32,1
VDIV.fp32,VSUB.fp32,1
VDIV.fp32,VMUL.fp32,1
VDIV.fp32,VMAXS.fp32,1
VDIV.fp32,VMINS.fp32,1
VDIV.fp32,VMAX.fp32,1
VDIV.fp32,VMIN.fp32,1
VDIV.fp32,VCMAX.fp32,2
VDIV.fp32,VCMIN.fp32,2
VDIV.fp32,VDUP.fp32,1
VDIV.fp32,VCVT_F16_TO_F32.f16_to_f32,1
VDIV.fp32,VCVT_F32_TO_F16.f32_to_f16,1
VDIV.fp32,VCVT_F32_TO_S32.f32_to_s32,1
VDIV.fp32,VCVT_S32_TO_F32.s32_to_f32,1
VDIV.fp32,VBR.fp32,1
VABS.fp32,VADDS.fp32,1
VABS.fp32,VMULS.fp32,1
VABS.fp32,VADD.fp32,1
VABS.fp32,VEXP.fp32,1
VABS.fp32,VDIV.fp32,1
VABS.fp32,VABS.fp32,1
VABS.fp32,VSUB.fp32,1
VABS.fp32,VMUL.fp32,1
VABS.fp32,VMAXS.fp32,1
VABS.fp32,VMINS.fp32,1
VABS.fp32,VMAX.fp32,1
VABS.fp32,VMIN.fp32,1
VABS.fp32,VCMAX.fp32,1
VABS.fp32,VCMIN.fp32,1
VABS.fp32,VDUP.fp32,1
VABS.fp32,VCVT_F16_TO_F32.f16_to_f32,1
VABS.fp32,VCVT_F32_TO_F16.f32_to_f16,1
VABS.fp32,VCVT_F32_TO_S32.f32_to_s32,1
VABS.fp32,VCVT_S32_TO_F32.s32_to_f32,1
VABS.fp32,VBR.fp32,1
VSUB.fp32,VADDS.fp32,1
VSUB.fp32,VMULS.fp32,1
VSUB.fp32,VADD.fp32,1
VSUB.fp32,VEXP.fp32,1
VSUB.fp32,VDIV.fp32,1
VSUB.fp32,VABS.fp32,1
VSUB.fp32,VSUB.fp32,1
VSUB.fp32,VMUL.fp32,1
VSUB.fp32,VMAXS.fp32,2
VSUB.fp32,VMINS.fp32,2
VSUB.fp32,VMAX.fp32,2
VSUB.fp32,VMIN.fp32,2
VSUB.fp32,VCMAX.fp32,1
VSUB.fp32,VCMIN.fp32,1
VSUB.fp32,VDUP.fp32,1
VSUB.fp32,VAND.fp32,2
VSUB.fp32,VCGMAX.fp32,2
VSUB.fp32,VCMP_EQ.fp32,3
VSUB.fp32,VSEL.fp32,2
VSUB.fp32,VSHLS.fp32,2
VSUB.fp32,VSHRS.fp32,2
VSUB.fp32,VCVT_F16_TO_F32.f16_to_f32,1
VSUB.fp32,VCVT_F32_TO_F16.f32_to_f16,1
VSUB.fp32,VCVT_F32_TO_S32.f32_to_s32,1
VSUB.fp32,VCVT_S32_TO_F32.s32_to_f32,1
VSUB.fp32,VBR.fp32,2
VMUL.fp32,VADDS.fp32,2
VMUL.fp32,VMULS.fp32,1
VMUL.fp32,VADD.fp32,2
VMUL.fp32,VEXP.fp32,1
VMUL.fp32,VDIV.fp32,1
VMUL.fp32,VABS.fp32,1
VMUL.fp32,VSUB.fp32,2
VMUL.fp32,VMUL.fp32,1
VMUL.fp32,VMAXS.fp32,1
VMUL.fp32,VMINS.fp32,1
VMUL.fp32,VMAX.fp32,1
VMUL.fp32,VMIN.fp32,1
VMUL.fp32,VCMAX.fp32,1
VMUL.fp32,VCMIN.fp32,1
VMUL.fp32,VDUP.fp32,1
VMUL.fp32,VAND.fp32,1
VMUL.fp32,VCGMAX.fp32,1
VMUL.fp32,VCMP_EQ.fp32,2
VMUL.fp32,VSEL.fp32,1
VMUL.fp32,VSHLS.fp32,3
VMUL.fp32,VSHRS.fp32,3
VMUL.fp32,VCVT_F16_TO_F32.f16_to_f32,2
VMUL.fp32,VCVT_F32_TO_F16.f32_to_f16,2
VMUL.fp32,VCVT_F32_TO_S32.f32_to_s32,1
VMUL.fp32,VCVT_S32_TO_F32.s32_to_f32,1
VMUL.fp32,VBR.fp32,1
VMAXS.fp32,VADDS.fp32,1
VMAXS.fp32,VMULS.fp32,1
VMAXS.fp32,VADD.fp32,1
VMAXS.fp32,VEXP.fp32,1
VMAXS.fp32,VDIV.fp32,1
VMAXS.fp32,VABS.fp32,2
VMAXS.fp32,VSUB.fp32,1
VMAXS.fp32,VMUL.fp32,1
VMAXS.fp32,VMAXS.fp32,1
VMAXS.fp32,VMINS.fp32,1
VMAXS.fp32,VMAX.fp32,1
VMAXS.fp32,VMIN.fp32,1
VMAXS.fp32,VCMAX.fp32,1
VMAXS.fp32,VCMIN.fp32,1
VMAXS.fp32,VDUP.fp32,1
VMAXS.fp32,VCVT_F16_TO_F32.f16_to_f32,1
VMAXS.fp32,VCVT_F32_TO_F16.f32_to_f16,1
VMAXS.fp32,VCVT_F32_TO_S32.f32_to_s32,1
VMAXS.fp32,VCVT_S32_TO_F32.s32_to_f32,1
VMAXS.fp32,VBR.fp32,1
VMINS.fp32,VADDS.fp32,1
VMINS.fp32,VMULS.fp32,1
VMINS.fp32,VADD.fp32,1
VMINS.fp32,VEXP.fp32,1
VMINS.fp32,VDIV.fp32,1
VMINS.fp32,VABS.fp32,2
VMINS.fp32,VSUB.fp32,1
VMINS.fp32,VMUL.fp32,1
VMINS.fp32,VMAXS.fp32,1
VMINS.fp32,VMINS.fp32,1
VMINS.fp32,VMAX.fp32,1
VMINS.fp32,VMIN.fp32,1
VMINS.fp32,VCMAX.fp32,1
VMINS.fp32,VCMIN.fp32,1
VMINS.fp32,VDUP.fp32,1
VMINS.fp32,VCVT_F16_TO_F32.f16_to_f32,1
VMINS.fp32,VCVT_F32_TO_F16.f32_to_f16,1
VMINS.fp32,VCVT_F32_TO_S32.f32_to_s32,1
VMINS.fp32,VCVT_S32_TO_F32.s32_to_f32,1
VMINS.fp32,VBR.fp32,1
VMAX.fp32,VADDS.fp32,1
VMAX.fp32,VMULS.fp32,1
VMAX.fp32,VADD.fp32,1
VMAX.fp32,VEXP.fp32,1
VMAX.fp32,VDIV.fp32,1
VMAX.fp32,VABS.fp32,2
VMAX.fp32,VSUB.fp32,1
VMAX.fp32,VMUL.fp32,1
VMAX.fp32,VMAXS.fp32,1
VMAX.fp32,VMINS.fp32,1
VMAX.fp32,VMAX.fp32,1
VMAX.fp32,VMIN.fp32,1
VMAX.fp32,VCMAX.fp32,1
VMAX.fp32,VCMIN.fp32,1
VMAX.fp32,VDUP.fp32,1
VMAX.fp32,VAND.fp32,1
VMAX.fp32,VCGMAX.fp32,1
VMAX.fp32,VCMP_EQ.fp32,2
VMAX.fp32,VSEL.fp32,1
VMAX.fp32,VSHLS.fp32,1
VMAX.fp32,VSHRS.fp32,1
VMAX.fp32,VCVT_F16_TO_F32.f16_to_f32,1
VMAX.fp32,VCVT_F32_TO_F16.f32_to_f16,1
VMAX.fp32,VCVT_F32_TO_S32.f32_to_s32,1
VMAX.fp32,VCVT_S32_TO_F32.s32_to_f32,1
VMAX.fp32,VBR.fp32,1
VMIN.fp32,VADDS.fp32,1
VMIN.fp32,VMULS.fp32,1
VMIN.fp32,VADD.fp32,1
VMIN.fp32,VEXP.fp32,1
VMIN.fp32,VDIV.fp32,1
VMIN.fp32,VABS.fp32,2
VMIN.fp32,VSUB.fp32,1
VMIN.fp32,VMUL.fp32,1
VMIN.fp32,VMAXS.fp32,1
VMIN.fp32,VMINS.fp32,1
VMIN.fp32,VMAX.fp32,1
VMIN.fp32,VMIN.fp32,1
VMIN.fp32,VCMAX.fp32,1
VMIN.fp32,VCMIN.fp32,1
VMIN.fp32,VDUP.fp32,1
VMIN.fp32,VCVT_F16_TO_F32.f16_to_f32,1
VMIN.fp32,VCVT_F32_TO_F16.f32_to_f16,1
VMIN.fp32,VCVT_F32_TO_S32.f32_to_s32,1
VMIN.fp32,VCVT_S32_TO_F32.s32_to_f32,1
VMIN.fp32,VBR.fp32,1
VCMAX.fp32,VABS.fp32,1
VCMAX.fp32,VADD.fp32,4
VCMAX.fp32,VADDS.fp32,4
VCMAX.fp32,VCMAX.fp32,1
VCMAX.fp32,VDIV.fp32,1
VCMAX.fp32,VEXP.fp32,1
VCMAX.fp32,VMAX.fp32,5
VCMAX.fp32,VMAXS.fp32,5
VCMAX.fp32,VMIN.fp32,5
VCMAX.fp32,VMINS.fp32,5
VCMAX.fp32,VMUL.fp32,1
VCMAX.fp32,VMULS.fp32,1
VCMAX.fp32,VSUB.fp32,4
VCMAX.fp32,VCMIN.fp32,1
VCMAX.fp32,VDUP.fp32,1
VCMIN.fp32,VABS.fp32,1
VCMIN.fp32,VADD.fp32,4
VCMIN.fp32,VADDS.fp32,4
VCMIN.fp32,VCMAX.fp32,1
VCMIN.fp32,VDIV.fp32,1
VCMIN.fp32,VEXP.fp32,1
VCMIN.fp32,VMAX.fp32,5
VCMIN.fp32,VMAXS.fp32,5
VCMIN.fp32,VMIN.fp32,5
VCMIN.fp32,VMINS.fp32,5
VCMIN.fp32,VMUL.fp32,1
VCMIN.fp32,VMULS.fp32,1
VCMIN.fp32,VSUB.fp32,4
VCMIN.fp32,VCMIN.fp32,1
VCMIN.fp32,VDUP.fp32,1
VDUP.fp32,VADDS.fp32,1
VDUP.fp32,VMULS.fp32,1
VDUP.fp32,VADD.fp32,1
VDUP.fp32,VEXP.fp32,1
VDUP.fp32,VDIV.fp32,1
VDUP.fp32,VABS.fp32,1
VDUP.fp32,VSUB.fp32,1
VDUP.fp32,VMUL.fp32,1
VDUP.fp32,VMAXS.fp32,1
VDUP.fp32,VMINS.fp32,1
VDUP.fp32,VMAX.fp32,1
VDUP.fp32,VMIN.fp32,1
VDUP.fp32,VCMAX.fp32,1
VDUP.fp32,VCMIN.fp32,1
VADDS.fp16,VADDS.fp16,1
VADDS.fp16,VMULS.fp16,1
VADDS.fp16,VADD.fp16,1
VADDS.fp16,VEXP.fp16,1
VADDS.fp16,VCMAX.fp16,1
VADDS.fp16,VCMIN.fp16,1
VADDS.fp16,VCADD.fp16,1
VADDS.fp16,VDIV.fp16,1
VADDS.fp16,VABS.fp16,1
VADDS.fp16,VSUB.fp16,1
VADDS.fp16,VMUL.fp16,1
VADDS.fp16,VMAXS.fp16,2
VADDS.fp16,VMINS.fp16,2
VADDS.fp16,VMAX.fp16,2
VADDS.fp16,VMIN.fp16,2
VADDS.fp16,VDUP.fp16,1
VADDS.fp16,VAND.fp16,2
VADDS.fp16,VCGMAX.fp16,2
VADDS.fp16,VCMP_EQ.fp16,2
VADDS.fp16,VSEL.fp16,2
VADDS.fp16,VSHLS.fp16,2
VADDS.fp16,VSHRS.fp16,2
VADDS.fp16,VCVT_F16_TO_F32.f16_to_f32,1
VADDS.fp16,VCVT_F32_TO_F16.f32_to_f16,1
VADDS.fp16,VCVT_F32_TO_S32.f32_to_s32,1
VADDS.fp16,VCVT_S32_TO_F32.s32_to_f32,1
VADDS.fp16,VBR.fp16,2
VMULS.fp16,VADDS.fp16,2
VMULS.fp16,VMULS.fp16,1
VMULS.fp16,VADD.fp16,2
VMULS.fp16,VEXP.fp16,1
VMULS.fp16,VCMAX.fp16,1
VMULS.fp16,VCMIN.fp16,1
VMULS.fp16,VCADD.fp16,1
VMULS.fp16,VDIV.fp16,1
VMULS.fp16,VABS.fp16,1
VMULS.fp16,VSUB.fp16,2
VMULS.fp16,VMUL.fp16,1
VMULS.fp16,VMAXS.fp16,1
VMULS.fp16,VMINS.fp16,1
VMULS.fp16,VMAX.fp16,1
VMULS.fp16,VMIN.fp16,1
VMULS.fp16,VDUP.fp16,1
VMULS.fp16,VCVT_F16_TO_F32.f16_to_f32,2
VMULS.fp16,VCVT_F32_TO_F16.f32_to_f16,2
VMULS.fp16,VCVT_F32_TO_S32.f32_to_s32,1
VMULS.fp16,VCVT_S32_TO_F32.s32_to_f32,1
VMULS.fp16,VBR.fp16,1
VADD.fp16,VADDS.fp16,1
VADD.fp16,VMULS.fp16,1
VADD.fp16,VADD.fp16,1
VADD.fp16,VEXP.fp16,1
VADD.fp16,VCMAX.fp16,1
VADD.fp16,VCMIN.fp16,1
VADD.fp16,VCADD.fp16,1
VADD.fp16,VDIV.fp16,1
VADD.fp16,VABS.fp16,1
VADD.fp16,VSUB.fp16,1
VADD.fp16,VMUL.fp16,1
VADD.fp16,VMAXS.fp16,2
VADD.fp16,VMINS.fp16,2
VADD.fp16,VMAX.fp16,2
VADD.fp16,VMIN.fp16,2
VADD.fp16,VDUP.fp16,1
VADD.fp16,VAND.fp16,2
VADD.fp16,VCGMAX.fp16,2
VADD.fp16,VCMP_EQ.fp16,3
VADD.fp16,VSEL.fp16,2
VADD.fp16,VSHLS.fp16,2
VADD.fp16,VSHRS.fp16,2
VADD.fp16,VCVT_F16_TO_F32.f16_to_f32,1
VADD.fp16,VCVT_F32_TO_F16.f32_to_f16,1
VADD.fp16,VCVT_F32_TO_S32.f32_to_s32,1
VADD.fp16,VCVT_S32_TO_F32.s32_to_f32,1
VADD.fp16,VBR.fp16,2
VEXP.fp16,VADDS.fp16,1
VEXP.fp16,VMULS.fp16,1
VEXP.fp16,VADD.fp16,1
VEXP.fp16,VEXP.fp16,8
VEXP.fp16,VCMAX.fp16,1
VEXP.fp16,VCMIN.fp16,1
VEXP.fp16,VCADD.fp16,1
VEXP.fp16,VDIV.fp16,10
VEXP.fp16,VABS.fp16,1
VEXP.fp16,VSUB.fp16,1
VEXP.fp16,VMUL.fp16,1
VEXP.fp16,VMAXS.fp16,1
VEXP.fp16,VMINS.fp16,1
VEXP.fp16,VMAX.fp16,1
VEXP.fp16,VMIN.fp16,1
VEXP.fp16,VDUP.fp16,1
VEXP.fp16,VCVT_F16_TO_F32.f16_to_f32,1
VEXP.fp16,VCVT_F32_TO_F16.f32_to_f16,1
VEXP.fp16,VCVT_F32_TO_S32.f32_to_s32,1
VEXP.fp16,VCVT_S32_TO_F32.s32_to_f32,1
VEXP.fp16,VBR.fp16,2
VCMAX.fp16,VADDS.fp16,3
VCMAX.fp16,VMULS.fp16,1
VCMAX.fp16,VADD.fp16,3
VCMAX.fp16,VEXP.fp16,1
VCMAX.fp16,VCMAX.fp16,2
VCMAX.fp16,VCMIN.fp16,2
VCMAX.fp16,VCADD.fp16,2
VCMAX.fp16,VDIV.fp16,1
VCMAX.fp16,VABS.fp16,1
VCMAX.fp16,VSUB.fp16,3
VCMAX.fp16,VMUL.fp16,1
VCMAX.fp16,VMAXS.fp16,4
VCMAX.fp16,VMINS.fp16,4
VCMAX.fp16,VMAX.fp16,4
VCMAX.fp16,VMIN.fp16,4
VCMAX.fp16,VDUP.fp16,1
VCMIN.fp16,VADDS.fp16,3
VCMIN.fp16,VMULS.fp16,1
VCMIN.fp16,VADD.fp16,3
VCMIN.fp16,VEXP.fp16,1
VCMIN.fp16,VCMAX.fp16,2
VCMIN.fp16,VCMIN.fp16,2
VCMIN.fp16,VCADD.fp16,2
VCMIN.fp16,VDIV.fp16,1
VCMIN.fp16,VABS.fp16,1
VCMIN.fp16,VSUB.fp16,3
VCMIN.fp16,VMUL.fp16,1
VCMIN.fp16,VMAXS.fp16,4
VCMIN.fp16,VMINS.fp16,4
VCMIN.fp16,VMAX.fp16,4
VCMIN.fp16,VMIN.fp16,4
VCMIN.fp16,VDUP.fp16,1
VCADD.fp16,VADDS.fp16,9
VCADD.fp16,VMULS.fp16,1
VCADD.fp16,VADD.fp16,9
VCADD.fp16,VEXP.fp16,1
VCADD.fp16,VCMAX.fp16,8
VCADD.fp16,VCMIN.fp16,8
VCADD.fp16,VCADD.fp16,1
VCADD.fp16,VDIV.fp16,1
VCADD.fp16,VABS.fp16,1
VCADD.fp16,VSUB.fp16,9
VCADD.fp16,VMUL.fp16,1
VCADD.fp16,VMAXS.fp16,1
VCADD.fp16,VMINS.fp16,7
VCADD.fp16,VMAX.fp16,7
VCADD.fp16,VMIN.fp16,7
VCADD.fp16,VDUP.fp16,1
VDIV.fp16,VADDS.fp16,1
VDIV.fp16,VMULS.fp16,1
VDIV.fp16,VADD.fp16,1
VDIV.fp16,VEXP.fp16,9
VDIV.fp16,VCMAX.fp16,1
VDIV.fp16,VCMIN.fp16,1
VDIV.fp16,VCADD.fp16,1
VDIV.fp16,VDIV.fp16,8
VDIV.fp16,VABS.fp16,1
VDIV.fp16,VSUB.fp16,1
VDIV.fp16,VMUL.fp16,1
VDIV.fp16,VMAXS.fp16,1
VDIV.fp16,VMINS.fp16,1
VDIV.fp16,VMAX.fp16,1
VDIV.fp16,VMIN.fp16,1
VDIV.fp16,VDUP.fp16,1
VDIV.fp16,VCVT_F16_TO_F32.f16_to_f32,1
VDIV.fp16,VCVT_F32_TO_F16.f32_to_f16,1
VDIV.fp16,VCVT_F32_TO_S32.f32_to_s32,1
VDIV.fp16,VCVT_S32_TO_F32.s32_to_f32,1
VDIV.fp16,VBR.fp16,2
VABS.fp16,VADDS.fp16,1
VABS.fp16,VMULS.fp16,1
VABS.fp16,VADD.fp16,1
VABS.fp16,VEXP.fp16,1
VABS.fp16,VCMAX.fp16,1
VABS.fp16,VCMIN.fp16,1
VABS.fp16,VCADD.fp16,1
VABS.fp16,VDIV.fp16,1
VABS.fp16,VABS.fp16,1
VABS.fp16,VSUB.fp16,1
VABS.fp16,VMUL.fp16,1
VABS.fp16,VMAXS.fp16,1
VABS.fp16,VMINS.fp16,1
VABS.fp16,VMAX.fp16,1
VABS.fp16,VMIN.fp16,1
VABS.fp16,VDUP.fp16,1
VABS.fp16,VCVT_F16_TO_F32.f16_to_f32,1
VABS.fp16,VCVT_F32_TO_F16.f32_to_f16,1
VABS.fp16,VCVT_F32_TO_S32.f32_to_s32,1
VABS.fp16,VCVT_S32_TO_F32.s32_to_f32,1
VABS.fp16,VBR.fp16,1
VSUB.fp16,VADDS.fp16,1
VSUB.fp16,VMULS.fp16,1
VSUB.fp16,VADD.fp16,1
VSUB.fp16,VEXP.fp16,1
VSUB.fp16,VCMAX.fp16,1
VSUB.fp16,VCMIN.fp16,1
VSUB.fp16,VCADD.fp16,1
VSUB.fp16,VDIV.fp16,1
VSUB.fp16,VABS.fp16,1
VSUB.fp16,VSUB.fp16,1
VSUB.fp16,VMUL.fp16,1
VSUB.fp16,VMAXS.fp16,2
VSUB.fp16,VMINS.fp16,2
VSUB.fp16,VMAX.fp16,2
VSUB.fp16,VMIN.fp16,2
VSUB.fp16,VDUP.fp16,1
VSUB.fp16,VAND.fp16,2
VSUB.fp16,VCGMAX.fp16,2
VSUB.fp16,VCMP_EQ.fp16,3
VSUB.fp16,VSEL.fp16,2
VSUB.fp16,VSHLS.fp16,2
VSUB.fp16,VSHRS.fp16,2
VSUB.fp16,VCVT_F16_TO_F32.f16_to_f32,1
VSUB.fp16,VCVT_F32_TO_F16.f32_to_f16,1
VSUB.fp16,VCVT_F32_TO_S32.f32_to_s32,1
VSUB.fp16,VCVT_S32_TO_F32.s32_to_f32,1
VSUB.fp16,VBR.fp16,2
VMUL.fp16,VADDS.fp16,2
VMUL.fp16,VMULS.fp16,1
VMUL.fp16,VADD.fp16,2
VMUL.fp16,VEXP.fp16,1
VMUL.fp16,VCMAX.fp16,1
VMUL.fp16,VCMIN.fp16,1
VMUL.fp16,VCADD.fp16,1
VMUL.fp16,VDIV.fp16,1
VMUL.fp16,VABS.fp16,1
VMUL.fp16,VSUB.fp16,2
VMUL.fp16,VMUL.fp16,1
VMUL.fp16,VMAXS.fp16,1
VMUL.fp16,VMINS.fp16,1
VMUL.fp16,VMAX.fp16,1
VMUL.fp16,VMIN.fp16,1
VMUL.fp16,VDUP.fp16,1
VMUL.fp16,VAND.fp16,1
VMUL.fp16,VCGMAX.fp16,1
VMUL.fp16,VCMP_EQ.fp16,2
VMUL.fp16,VSEL.fp16,1
VMUL.fp16,VSHLS.fp16,3
VMUL.fp16,VSHRS.fp16,3
VMUL.fp16,VCVT_F16_TO_F32.f16_to_f32,2
VMUL.fp16,VCVT_F32_TO_F16.f32_to_f16,2
VMUL.fp16,VCVT_F32_TO_S32.f32_to_s32,1
VMUL.fp16,VCVT_S32_TO_F32.s32_to_f32,1
VMUL.fp16,VBR.fp16,1
VMAXS.fp16,VADDS.fp16,1
VMAXS.fp16,VMULS.fp16,1
VMAXS.fp16,VADD.fp16,1
VMAXS.fp16,VEXP.fp16,1
VMAXS.fp16,VCMAX.fp16,1
VMAXS.fp16,VCMIN.fp16,1
VMAXS.fp16,VCADD.fp16,1
VMAXS.fp16,VDIV.fp16,1
VMAXS.fp16,VABS.fp16,2
VMAXS.fp16,VSUB.fp16,1
VMAXS.fp16,VMUL.fp16,1
VMAXS.fp16,VMAXS.fp16,1
VMAXS.fp16,VMINS.fp16,1
VMAXS.fp16,VMAX.fp16,1
VMAXS.fp16,VMIN.fp16,1
VMAXS.fp16,VDUP.fp16,1
VMAXS.fp16,VCVT_F16_TO_F32.f16_to_f32,1
VMAXS.fp16,VCVT_F32_TO_F16.f32_to_f16,1
VMAXS.fp16,VCVT_F32_TO_S32.f32_to_s32,1
VMAXS.fp16,VCVT_S32_TO_F32.s32_to_f32,1
VMAXS.fp16,VBR.fp16,1
VMINS.fp16,VADDS.fp16,1
VMINS.fp16,VMULS.fp16,1
VMINS.fp16,VADD.fp16,1
VMINS.fp16,VEXP.fp16,1
VMINS.fp16,VCMAX.fp16,1
VMINS.fp16,VCMIN.fp16,1
VMINS.fp16,VCADD.fp16,1
VMINS.fp16,VDIV.fp16,1
VMINS.fp16,VABS.fp16,2
VMINS.fp16,VSUB.fp16,1
VMINS.fp16,VMUL.fp16,1
VMINS.fp16,VMAXS.fp16,1
VMINS.fp16,VMINS.fp16,1
VMINS.fp16,VMAX.fp16,1
VMINS.fp16,VMIN.fp16,1
VMINS.fp16,VDUP.fp16,1
VMINS.fp16,VCVT_F16_TO_F32.f16_to_f32,1
VMINS.fp16,VCVT_F32_TO_F16.f32_to_f16,1
VMINS.fp16,VCVT_F32_TO_S32.f32_to_s32,1
VMINS.fp16,VCVT_S32_TO_F32.s32_to_f32,1
VMINS.fp16,VBR.fp16,1
VMAX.fp16,VADDS.fp16,1
VMAX.fp16,VMULS.fp16,1
VMAX.fp16,VADD.fp16,1
VMAX.fp16,VEXP.fp16,1
VMAX.fp16,VCMAX.fp16,1
VMAX.fp16,VCMIN.fp16,1
VMAX.fp16,VCADD.fp16,1
VMAX.fp16,VDIV.fp16,1
VMAX.fp16,VABS.fp16,2
VMAX.fp16,VSUB.fp16,1
VMAX.fp16,VMUL.fp16,1
VMAX.fp16,VMAXS.fp16,1
VMAX.fp16,VMINS.fp16,1
VMAX.fp16,VMAX.fp16,1
VMAX.fp16,VMIN.fp16,1
VMAX.fp16,VDUP.fp16,1
VMAX.fp16,VAND.fp16,1
VMAX.fp16,VCGMAX.fp16,1
VMAX.fp16,VCMP_EQ.fp16,2
VMAX.fp16,VSEL.fp16,1
VMAX.fp16,VSHLS.fp16,1
VMAX.fp16,VSHRS.fp16,1
VMAX.fp16,VCVT_F16_TO_F32.f16_to_f32,1
VMAX.fp16,VCVT_F32_TO_F16.f32_to_f16,1
VMAX.fp16,VCVT_F32_TO_S32.f32_to_s32,1
VMAX.fp16,VCVT_S32_TO_F32.s32_to_f32,1
VMAX.fp16,VBR.fp16,1
VMIN.fp16,VADDS.fp16,1
VMIN.fp16,VMULS.fp16,1
VMIN.fp16,VADD.fp16,1
VMIN.fp16,VEXP.fp16,1
VMIN.fp16,VCMAX.fp16,1
VMIN.fp16,VCMIN.fp16,1
VMIN.fp16,VCADD.fp16,1
VMIN.fp16,VDIV.fp16,1
VMIN.fp16,VABS.fp16,2
VMIN.fp16,VSUB.fp16,1
VMIN.fp16,VMUL.fp16,1
VMIN.fp16,VMAXS.fp16,1
VMIN.fp16,VMINS.fp16,1
VMIN.fp16,VMAX.fp16,1
VMIN.fp16,VMIN.fp16,1
VMIN.fp16,VDUP.fp16,1
VMIN.fp16,VCVT_F16_TO_F32.f16_to_f32,1
VMIN.fp16,VCVT_F32_TO_F16.f32_to_f16,1
VMIN.fp16,VCVT_F32_TO_S32.f32_to_s32,1
VMIN.fp16,VCVT_S32_TO_F32.s32_to_f32,1
VMIN.fp16,VBR.fp16,1
VDUP.fp16,VADDS.fp16,1
VDUP.fp16,VMULS.fp16,1
VDUP.fp16,VADD.fp16,1
VDUP.fp16,VEXP.fp16,1
VDUP.fp16,VCMAX.fp16,1
VDUP.fp16,VCMIN.fp16,1
VDUP.fp16,VCADD.fp16,1
VDUP.fp16,VDIV.fp16,1
VDUP.fp16,VABS.fp16,1
VDUP.fp16,VSUB.fp16,1
VDUP.fp16,VMUL.fp16,1
VDUP.fp16,VMAXS.fp16,1
VDUP.fp16,VMINS.fp16,1
VDUP.fp16,VMAX.fp16,1
VDUP.fp16,VMIN.fp16,1
VAND.fp32,VADD.fp32,1
VAND.fp32,VADDS.fp32,1
VAND.fp32,VMAX.fp32,1
VAND.fp32,VMUL.fp32,1
VAND.fp32,VSUB.fp32,1
VAND.fp32,VAND.fp32,1
VAND.fp32,VCGMAX.fp32,1
VAND.fp32,VCMP_EQ.fp32,2
VAND.fp32,VSEL.fp32,1
VAND.fp32,VSHRS.fp32,1
VAND.fp32,VSHLS.fp32,1
VCGMAX.fp32,VADD.fp32,4
VCGMAX.fp32,VADDS.fp32,4
VCGMAX.fp32,VMAX.fp32,5
VCGMAX.fp32,VMUL.fp32,1
VCGMAX.fp32,VSUB.fp32,4
VCGMAX.fp32,VAND.fp32,1
VCGMAX.fp32,VCGMAX.fp32,1
VCGMAX.fp32,VCMP_EQ.fp32,3
VCGMAX.fp32,VSEL.fp32,1
VCGMAX.fp32,VSHRS.fp32,1
VCGMAX.fp32,VSHLS.fp32,1
VSEL.fp32,VADD.fp32,2
VSEL.fp32,VADDS.fp32,2
VSEL.fp32,VMAX.fp32,2
VSEL.fp32,VMUL.fp32,2
VSEL.fp32,VSUB.fp32,2
VSEL.fp32,VAND.fp32,2
VSEL.fp32,VCGMAX.fp32,1
VSEL.fp32,VCMP_EQ.fp32,1
VSEL.fp32,VSEL.fp32,1
VSEL.fp32,VSHRS.fp32,2
VSEL.fp32,VSHLS.fp32,2
VSHLS.fp32,VADD.fp32,1
VSHLS.fp32,VADDS.fp32,1
VSHLS.fp32,VMAX.fp32,1
VSHLS.fp32,VMUL.fp32,1
VSHLS.fp32,VSUB.fp32,1
VSHLS.fp32,VAND.fp32,1
VSHLS.fp32,VCGMAX.fp32,1
VSHLS.fp32,VCMP_EQ.fp32,1
VSHLS.fp32,VSEL.fp32,1
VSHLS.fp32,VSHRS.fp32,1
VSHLS.fp32,VSHLS.fp32,1
VSHRS.fp32,VADD.fp32,1
VSHRS.fp32,VADDS.fp32,1
VSHRS.fp32,VMAX.fp32,1
VSHRS.fp32,VMUL.fp32,1
VSHRS.fp32,VSUB.fp32,1
VSHRS.fp32,VAND.fp32,1
VSHRS.fp32,VCGMAX.fp32,1
VSHRS.fp32,VCMP_EQ.fp32,1
VSHRS.fp32,VSEL.fp32,1
VSHRS.fp32,VSHRS.fp32,1
VSHRS.fp32,VSHLS.fp32,1
VCMP_EQ.fp32,VMAX.fp32,1
VCMP_EQ.fp32,VSUB.fp32,1
VCMP_EQ.fp32,VADD.fp32,1
VCMP_EQ.fp32,VADDS.fp32,1
VCMP_EQ.fp32,VMUL.fp32,1
VCMP_EQ.fp32,VAND.fp32,1
VCMP_EQ.fp32,VCGMAX.fp32,1
VCMP_EQ.fp32,VCMP_EQ.fp32,1
VCMP_EQ.fp32,VSEL.fp32,1
VCMP_EQ.fp32,VSHRS.fp32,1
VCMP_EQ.fp32,VSHLS.fp32,1
VCVT_F16_TO_F32.f16_to_f32,VABS.fp32,1
VCVT_F16_TO_F32.f16_to_f32,VADD.fp32,1
VCVT_F16_TO_F32.f16_to_f32,VADDS.fp32,1
VCVT_F16_TO_F32.f16_to_f32,VDIV.fp32,1
VCVT_F16_TO_F32.f16_to_f32,VEXP.fp32,1
VCVT_F16_TO_F32.f16_to_f32,VMAX.fp32,2
VCVT_F16_TO_F32.f16_to_f32,VMAXS.fp32,2
VCVT_F16_TO_F32.f16_to_f32,VMIN.fp32,2
VCVT_F16_TO_F32.f16_to_f32,VMINS.fp32,2
VCVT_F16_TO_F32.f16_to_f32,VMUL.fp32,1
VCVT_F16_TO_F32.f16_to_f32,VMULS.fp32,1
VCVT_F16_TO_F32.f16_to_f32,VSUB.fp32,1
VCVT_F16_TO_F32.f16_to_f32,VCVT_F16_TO_F32.f16_to_f32,1
VCVT_F16_TO_F32.f16_to_f32,VCVT_F32_TO_S32.f32_to_s32,1
VCVT_F16_TO_F32.f16_to_f32,VCVT_S32_TO_F32.s32_to_f32,1
VCVT_F16_TO_F32.f16_to_f32,VCVT_F32_TO_F16.f32_to_f16,1
VCVT_F16_TO_F32.f16_to_f32,VABS.fp16,1
VCVT_F16_TO_F32.f16_to_f32,VADD.fp16,1
VCVT_F16_TO_F32.f16_to_f32,VADDS.fp16,1
VCVT_F16_TO_F32.f16_to_f32,VDIV.fp16,1
VCVT_F16_TO_F32.f16_to_f32,VEXP.fp16,1
VCVT_F16_TO_F32.f16_to_f32,VMAX.fp16,2
VCVT_F16_TO_F32.f16_to_f32,VMAXS.fp16,2
VCVT_F16_TO_F32.f16_to_f32,VMIN.fp16,2
VCVT_F16_TO_F32.f16_to_f32,VMINS.fp16,2
VCVT_F16_TO_F32.f16_to_f32,VMUL.fp16,1
VCVT_F16_TO_F32.f16_to_f32,VMULS.fp16,1
VCVT_F16_TO_F32.f16_to_f32,VSUB.fp16,1
VCVT_F16_TO_F32.f16_to_f32,VABS.int32,1
VCVT_F16_TO_F32.f16_to_f32,VADD.int32,1
VCVT_F16_TO_F32.f16_to_f32,VADDS.int32,1
VCVT_F16_TO_F32.f16_to_f32,VDIV.int32,1
VCVT_F16_TO_F32.f16_to_f32,VEXP.int32,1
VCVT_F16_TO_F32.f16_to_f32,VMAX.int32,2
VCVT_F16_TO_F32.f16_to_f32,VMAXS.int32,2
VCVT_F16_TO_F32.f16_to_f32,VMIN.int32,2
VCVT_F16_TO_F32.f16_to_f32,VMINS.int32,2
VCVT_F16_TO_F32.f16_to_f32,VMUL.int32,1
VCVT_F16_TO_F32.f16_to_f32,VMULS.int32,1
VCVT_F16_TO_F32.f16_to_f32,VSUB.int32,1
VCVT_F16_TO_F32.f16_to_f32,VBR.fp16,2
VCVT_F32_TO_F16.f32_to_f16,VABS.fp32,1
VCVT_F32_TO_F16.f32_to_f16,VADD.fp32,1
VCVT_F32_TO_F16.f32_to_f16,VADDS.fp32,1
VCVT_F32_TO_F16.f32_to_f16,VDIV.fp32,1
VCVT_F32_TO_F16.f32_to_f16,VEXP.fp32,1
VCVT_F32_TO_F16.f32_to_f16,VMAX.fp32,2
VCVT_F32_TO_F16.f32_to_f16,VMAXS.fp32,2
VCVT_F32_TO_F16.f32_to_f16,VMIN.fp32,2
VCVT_F32_TO_F16.f32_to_f16,VMINS.fp32,2
VCVT_F32_TO_F16.f32_to_f16,VMUL.fp32,1
VCVT_F32_TO_F16.f32_to_f16,VMULS.fp32,1
VCVT_F32_TO_F16.f32_to_f16,VSUB.fp32,1
VCVT_F32_TO_F16.f32_to_f16,VCVT_F16_TO_F32.f16_to_f32,1
VCVT_F32_TO_F16.f32_to_f16,VCVT_F32_TO_F16.f32_to_f16,1
VCVT_F32_TO_F16.f32_to_f16,VCVT_F32_TO_S32.f32_to_s32,1
VCVT_F32_TO_F16.f32_to_f16,VCVT_S32_TO_F32.s32_to_f32,1
VCVT_F32_TO_F16.f32_to_f16,VABS.fp16,1
VCVT_F32_TO_F16.f32_to_f16,VADD.fp16,1
VCVT_F32_TO_F16.f32_to_f16,VADDS.fp16,1
VCVT_F32_TO_F16.f32_to_f16,VDIV.fp16,1
VCVT_F32_TO_F16.f32_to_f16,VEXP.fp16,1
VCVT_F32_TO_F16.f32_to_f16,VMAX.fp16,2
VCVT_F32_TO_F16.f32_to_f16,VMAXS.fp16,2
VCVT_F32_TO_F16.f32_to_f16,VMIN.fp16,2
VCVT_F32_TO_F16.f32_to_f16,VMINS.fp16,2
VCVT_F32_TO_F16.f32_to_f16,VMUL.fp16,1
VCVT_F32_TO_F16.f32_to_f16,VMULS.fp16,1
VCVT_F32_TO_F16.f32_to_f16,VSUB.fp16,1
VCVT_F32_TO_F16.f32_to_f16,VABS.int32,1
VCVT_F32_TO_F16.f32_to_f16,VADD.int32,1
VCVT_F32_TO_F16.f32_to_f16,VADDS.int32,1
VCVT_F32_TO_F16.f32_to_f16,VDIV.int32,1
VCVT_F32_TO_F16.f32_to_f16,VEXP.int32,1
VCVT_F32_TO_F16.f32_to_f16,VMAX.int32,2
VCVT_F32_TO_F16.f32_to_f16,VMAXS.int32,2
VCVT_F32_TO_F16.f32_to_f16,VMIN.int32,2
VCVT_F32_TO_F16.f32_to_f16,VMINS.int32,2
VCVT_F32_TO_F16.f32_to_f16,VMUL.int32,1
VCVT_F32_TO_F16.f32_to_f16,VMULS.int32,1
VCVT_F32_TO_F16.f32_to_f16,VSUB.int32,1
VCVT_F32_TO_F16.f32_to_f16,VBR.fp32,2
VCVT_F32_TO_S32.f32_to_s32,VABS.fp32,1
VCVT_F32_TO_S32.f32_to_s32,VADD.fp32,2
VCVT_F32_TO_S32.f32_to_s32,VADDS.fp32,2
VCVT_F32_TO_S32.f32_to_s32,VDIV.fp32,1
VCVT_F32_TO_S32.f32_to_s32,VEXP.fp32,1
VCVT_F32_TO_S32.f32_to_s32,VMAX.fp32,3
VCVT_F32_TO_S32.f32_to_s32,VMAXS.fp32,3
VCVT_F32_TO_S32.f32_to_s32,VMIN.fp32,3
VCVT_F32_TO_S32.f32_to_s32,VMINS.fp32,3
VCVT_F32_TO_S32.f32_to_s32,VMUL.fp32,1
VCVT_F32_TO_S32.f32_to_s32,VMULS.fp32,1
VCVT_F32_TO_S32.f32_to_s32,VSUB.fp32,2
VCVT_F32_TO_S32.f32_to_s32,VCVT_F16_TO_F32.f16_to_f32,2
VCVT_F32_TO_S32.f32_to_s32,VCVT_F32_TO_F16.f32_to_f16,2
VCVT_F32_TO_S32.f32_to_s32,VCVT_F32_TO_S32.f32_to_s32,2
VCVT_F32_TO_S32.f32_to_s32,VCVT_S32_TO_F32.s32_to_f32,2
VCVT_F32_TO_S32.f32_to_s32,VABS.fp16,1
VCVT_F32_TO_S32.f32_to_s32,VADD.fp16,2
VCVT_F32_TO_S32.f32_to_s32,VADDS.fp16,2
VCVT_F32_TO_S32.f32_to_s32,VDIV.fp16,1
VCVT_F32_TO_S32.f32_to_s32,VEXP.fp16,1
VCVT_F32_TO_S32.f32_to_s32,VMAX.fp16,3
VCVT_F32_TO_S32.f32_to_s32,VMAXS.fp16,3
VCVT_F32_TO_S32.f32_to_s32,VMIN.fp16,3
VCVT_F32_TO_S32.f32_to_s32,VMINS.fp16,3
VCVT_F32_TO_S32.f32_to_s32,VMUL.fp16,1
VCVT_F32_TO_S32.f32_to_s32,VMULS.fp16,1
VCVT_F32_TO_S32.f32_to_s32,VSUB.fp16,2
VCVT_F32_TO_S32.f32_to_s32,VABS.int32,1
VCVT_F32_TO_S32.f32_to_s32,VADD.int32,2
VCVT_F32_TO_S32.f32_to_s32,VADDS.int32,2
VCVT_F32_TO_S32.f32_to_s32,VDIV.int32,1
VCVT_F32_TO_S32.f32_to_s32,VEXP.int32,1
VCVT_F32_TO_S32.f32_to_s32,VMAX.int32,3
VCVT_F32_TO_S32.f32_to_s32,VMAXS.int32,3
VCVT_F32_TO_S32.f32_to_s32,VMIN.int32,3
VCVT_F32_TO_S32.f32_to_s32,VMINS.int32,3
VCVT_F32_TO_S32.f32_to_s32,VMUL.int32,1
VCVT_F32_TO_S32.f32_to_s32,VMULS.int32,1
VCVT_F32_TO_S32.f32_to_s32,VSUB.int32,2
VCVT_F32_TO_S32.f32_to_s32,VBR.fp32,1
VCVT_S32_TO_F32.s32_to_f32,VABS.fp32,1
VCVT_S32_TO_F32.s32_to_f32,VADD.fp32,2
VCVT_S32_TO_F32.s32_to_f32,VADDS.fp32,2
VCVT_S32_TO_F32.s32_to_f32,VDIV.fp32,1
VCVT_S32_TO_F32.s32_to_f32,VEXP.fp32,1
VCVT_S32_TO_F32.s32_to_f32,VMAX.fp32,3
VCVT_S32_TO_F32.s32_to_f32,VMAXS.fp32,3
VCVT_S32_TO_F32.s32_to_f32,VMIN.fp32,3
VCVT_S32_TO_F32.s32_to_f32,VMINS.fp32,3
VCVT_S32_TO_F32.s32_to_f32,VMUL.fp32,1
VCVT_S32_TO_F32.s32_to_f32,VMULS.fp32,1
VCVT_S32_TO_F32.s32_to_f32,VSUB.fp32,2
VCVT_S32_TO_F32.s32_to_f32,VCVT_F16_TO_F32.f16_to_f32,2
VCVT_S32_TO_F32.s32_to_f32,VCVT_F32_TO_F16.f32_to_f16,2
VCVT_S32_TO_F32.s32_to_f32,VCVT_F32_TO_S32.f32_to_s32,2
VCVT_S32_TO_F32.s32_to_f32,VCVT_S32_TO_F32.s32_to_f32,2
VCVT_S32_TO_F32.s32_to_f32,VABS.fp16,1
VCVT_S32_TO_F32.s32_to_f32,VADD.fp16,2
VCVT_S32_TO_F32.s32_to_f32,VADDS.fp16,2
VCVT_S32_TO_F32.s32_to_f32,VDIV.fp16,1
VCVT_S32_TO_F32.s32_to_f32,VEXP.fp16,1
VCVT_S32_TO_F32.s32_to_f32,VMAX.fp16,3
VCVT_S32_TO_F32.s32_to_f32,VMAXS.fp16,3
VCVT_S32_TO_F32.s32_to_f32,VMIN.fp16,3
VCVT_S32_TO_F32.s32_to_f32,VMINS.fp16,3
VCVT_S32_TO_F32.s32_to_f32,VMUL.fp16,1
VCVT_S32_TO_F32.s32_to_f32,VMULS.fp16,1
VCVT_S32_TO_F32.s32_to_f32,VSUB.fp16,2
VCVT_S32_TO_F32.s32_to_f32,VABS.int32,1
VCVT_S32_TO_F32.s32_to_f32,VADD.int32,2
VCVT_S32_TO_F32.s32_to_f32,VADDS.int32,2
VCVT_S32_TO_F32.s32_to_f32,VDIV.int32,1
VCVT_S32_TO_F32.s32_to_f32,VEXP.int32,1
VCVT_S32_TO_F32.s32_to_f32,VMAX.int32,3
VCVT_S32_TO_F32.s32_to_f32,VMAXS.int32,3
VCVT_S32_TO_F32.s32_to_f32,VMIN.int32,3
VCVT_S32_TO_F32.s32_to_f32,VMINS.int32,3
VCVT_S32_TO_F32.s32_to_f32,VMUL.int32,1
VCVT_S32_TO_F32.s32_to_f32,VMULS.int32,1
VCVT_S32_TO_F32.s32_to_f32,VSUB.int32,2
VAND.fp16,VADD.fp16,1
VAND.fp16,VADDS.fp16,1
VAND.fp16,VMAX.fp16,1
VAND.fp16,VMUL.fp16,1
VAND.fp16,VSUB.fp16,1
VAND.fp16,VAND.fp16,1
VAND.fp16,VCGMAX.fp16,1
VAND.fp16,VCMP_EQ.fp16,2
VAND.fp16,VSEL.fp16,1
VAND.fp16,VSHRS.fp16,1
VAND.fp16,VSHLS.fp16,1
VCGMAX.fp16,VADD.fp16,4
VCGMAX.fp16,VADDS.fp16,4
VCGMAX.fp16,VMAX.fp16,3
VCGMAX.fp16,VMUL.fp16,1
VCGMAX.fp16,VSUB.fp16,4
VCGMAX.fp16,VAND.fp16,1
VCGMAX.fp16,VCGMAX.fp16,2
VCGMAX.fp16,VCMP_EQ.fp16,3
VCGMAX.fp16,VSEL.fp16,1
VCGMAX.fp16,VSHRS.fp16,1
VCGMAX.fp16,VSHLS.fp16,1
VSEL.fp16,VADD.fp16,2
VSEL.fp16,VADDS.fp16,2
VSEL.fp16,VMAX.fp16,2
VSEL.fp16,VMUL.fp16,2
VSEL.fp16,VSUB.fp16,2
VSEL.fp16,VAND.fp16,2
VSEL.fp16,VCGMAX.fp16,1
VSEL.fp16,VCMP_EQ.fp16,1
VSEL.fp16,VSEL.fp16,1
VSEL.fp16,VSHRS.fp16,2
VSEL.fp16,VSHLS.fp16,2
VSHLS.fp16,VADD.fp16,1
VSHLS.fp16,VADDS.fp16,1
VSHLS.fp16,VMAX.fp16,1
VSHLS.fp16,VMUL.fp16,1
VSHLS.fp16,VSUB.fp16,1
VSHLS.fp16,VAND.fp16,1
VSHLS.fp16,VCGMAX.fp16,1
VSHLS.fp16,VCMP_EQ.fp16,1
VSHLS.fp16,VSEL.fp16,1
VSHLS.fp16,VSHRS.fp16,1
VSHLS.fp16,VSHLS.fp16,1
VSHRS.fp16,VADD.fp16,1
VSHRS.fp16,VADDS.fp16,1
VSHRS.fp16,VMAX.fp16,1
VSHRS.fp16,VMUL.fp16,1
VSHRS.fp16,VSUB.fp16,1
VSHRS.fp16,VAND.fp16,1
VSHRS.fp16,VCGMAX.fp16,1
VSHRS.fp16,VCMP_EQ.fp16,1
VSHRS.fp16,VSEL.fp16,1
VSHRS.fp16,VSHRS.fp16,1
VSHRS.fp16,VSHLS.fp16,1
VCMP_EQ.fp16,VMAX.fp16,1
VCMP_EQ.fp16,VSUB.fp16,1
VCMP_EQ.fp16,VADD.fp16,1
VCMP_EQ.fp16,VADDS.fp16,1
VCMP_EQ.fp16,VMUL.fp16,1
VCMP_EQ.fp16,VAND.fp16,1
VCMP_EQ.fp16,VCGMAX.fp16,1
VCMP_EQ.fp16,VCMP_EQ.fp16,1
VCMP_EQ.fp16,VSEL.fp16,1
VCMP_EQ.fp16,VSHRS.fp16,1
VCMP_EQ.fp16,VSHLS.fp16,1
VABS.int32,VCVT_F16_TO_F32.f16_to_f32,1
VABS.int32,VCVT_F32_TO_F16.f32_to_f16,1
VABS.int32,VCVT_F32_TO_S32.f32_to_s32,1
VABS.int32,VCVT_S32_TO_F32.s32_to_f32,1
VADD.int32,VCVT_F16_TO_F32.f16_to_f32,1
VADD.int32,VCVT_F32_TO_F16.f32_to_f16,1
VADD.int32,VCVT_F32_TO_S32.f32_to_s32,1
VADD.int32,VCVT_S32_TO_F32.s32_to_f32,1
VADDS.int32,VCVT_F16_TO_F32.f16_to_f32,1
VADDS.int32,VCVT_F32_TO_F16.f32_to_f16,1
VADDS.int32,VCVT_F32_TO_S32.f32_to_s32,1
VADDS.int32,VCVT_S32_TO_F32.s32_to_f32,1
VDIV.int32,VCVT_F16_TO_F32.f16_to_f32,1
VDIV.int32,VCVT_F32_TO_F16.f32_to_f16,1
VDIV.int32,VCVT_F32_TO_S32.f32_to_s32,1
VDIV.int32,VCVT_S32_TO_F32.s32_to_f32,1
VEXP.int32,VCVT_F16_TO_F32.f16_to_f32,1
VEXP.int32,VCVT_F32_TO_F16.f32_to_f16,1
VEXP.int32,VCVT_F32_TO_S32.f32_to_s32,1
VEXP.int32,VCVT_S32_TO_F32.s32_to_f32,1
VMAX.int32,VCVT_F16_TO_F32.f16_to_f32,1
VMAX.int32,VCVT_F32_TO_F16.f32_to_f16,1
VMAX.int32,VCVT_F32_TO_S32.f32_to_s32,1
VMAX.int32,VCVT_S32_TO_F32.s32_to_f32,1
VMAXS.int32,VCVT_F16_TO_F32.f16_to_f32,1
VMAXS.int32,VCVT_F32_TO_F16.f32_to_f16,1
VMAXS.int32,VCVT_F32_TO_S32.f32_to_s32,1
VMAXS.int32,VCVT_S32_TO_F32.s32_to_f32,1
VMIN.int32,VCVT_F16_TO_F32.f16_to_f32,1
VMIN.int32,VCVT_F32_TO_F16.f32_to_f16,1
VMIN.int32,VCVT_F32_TO_S32.f32_to_s32,1
VMIN.int32,VCVT_S32_TO_F32.s32_to_f32,1
VMINS.int32,VCVT_F16_TO_F32.f16_to_f32,1
VMINS.int32,VCVT_F32_TO_F16.f32_to_f16,1
VMINS.int32,VCVT_F32_TO_S32.f32_to_s32,1
VMINS.int32,VCVT_S32_TO_F32.s32_to_f32,1
VMUL.int32,VCVT_F16_TO_F32.f16_to_f32,2
VMUL.int32,VCVT_F32_TO_F16.f32_to_f16,2
VMUL.int32,VCVT_F32_TO_S32.f32_to_s32,1
VMUL.int32,VCVT_S32_TO_F32.s32_to_f32,1
VMULS.int32,VCVT_F16_TO_F32.f16_to_f32,2
VMULS.int32,VCVT_F32_TO_F16.f32_to_f16,2
VMULS.int32,VCVT_F32_TO_S32.f32_to_s32,1
VMULS.int32,VCVT_S32_TO_F32.s32_to_f32,1
VSUB.int32,VCVT_F16_TO_F32.f16_to_f32,1
VSUB.int32,VCVT_F32_TO_F16.f32_to_f16,1
VSUB.int32,VCVT_F32_TO_S32.f32_to_s32,1
VSUB.int32,VCVT_S32_TO_F32.s32_to_f32,1
VBR.fp32,VABS.fp32,2
VBR.fp32,VADD.fp32,1
VBR.fp32,VADDS.fp32,1
VBR.fp32,VCVT_F32_TO_F16.f32_to_f16,1
VBR.fp32,VCVT_F32_TO_S32.f32_to_s32,1
VBR.fp32,VDIV.fp32,1
VBR.fp32,VEXP.fp32,1
VBR.fp32,VMAX.fp32,1
VBR.fp32,VMAXS.fp32,1
VBR.fp32,VMIN.fp32,1
VBR.fp32,VMINS.fp32,1
VBR.fp32,VMUL.fp32,1
VBR.fp32,VMULS.fp32,1
VBR.fp32,VSUB.fp32,1
VBR.fp16,VABS.fp16,2
VBR.fp16,VADD.fp16,1
VBR.fp16,VADDS.fp16,1
VBR.fp16,VCVT_F16_TO_F32.f16_to_f32,1
VBR.fp16,VDIV.fp16,1
VBR.fp16,VEXP.fp16,1
VBR.fp16,VMAX.fp16,1
VBR.fp16,VMAXS.fp16,1
VBR.fp16,VMIN.fp16,1
VBR.fp16,VMINS.fp16,1
VBR.fp16,VMUL.fp16,1
VBR.fp16,VMULS.fp16,1
VBR.fp16,VSUB.fp16,1
